block_number,background_color_index,wave_color_index,is_glitch,has_echo,echo_count
346753,#ADFF2F,#00CCFF,false,true,4
346754,#008080,#9900FF,false,true,3
346755,#CC0033,#00CCFF,false,true,5
346756,#00FFFF,#FF0066,false,true,6
346757,#555555,#FF0066,true,true,6
346758,#9370DB,#00CCFF,false,true,4
346759,#edebeb,#FF0066,false,true,6
346760,#FFA500,#00CCFF,false,true,4
346761,#00FFFF,#FF0066,false,true,5
346762,#9370DB,#FF0066,false,true,5
346763,#555555,#00CCFF,false,true,4
346764,#edebeb,#FF0066,false,true,6
346765,#CC0033,#FF0066,false,true,5
346766,#00FFFF,#FF0066,false,true,6
346767,#9370DB,#FF0066,false,true,6
346768,#edebeb,#00CCFF,false,true,4
346769,#555555,#FF0066,false,true,6
346770,#edebeb,#00CCFF,false,true,4
346771,#555555,#FF0066,false,true,6
346772,#FFA500,#FF0066,false,true,6
346773,#555555,#FF0066,false,true,6
346774,#008080,#9900FF,false,true,3
346775,#FFA500,#9900FF,false,true,3
346776,#9370DB,#00CCFF,false,true,4
346777,#555555,#00CCFF,false,true,4
346778,#ADFF2F,#00CCFF,false,true,5
346779,#008080,#FF0066,false,true,5
346780,#9370DB,#00CCFF,false,true,4
346781,#edebeb,#FF0066,false,true,6
346782,#FFA500,#00CCFF,false,true,4
346783,#FFA500,#9900FF,false,true,3
346784,#ADFF2F,#FF0066,false,true,6
346785,#FFA500,#FF0066,false,true,5
346786,#008080,#00CCFF,false,true,4
346787,#9370DB,#FF0066,false,true,4
346788,#00FFFF,#FF0066,false,true,5
346789,#008080,#FF0066,false,true,5
346790,#edebeb,#FF0066,false,true,6
346791,#555555,#FF0066,true,true,6
346792,#008080,#FF0066,false,true,6
346793,#9370DB,#00CCFF,false,true,4
346794,#edebeb,#00CCFF,false,true,4
346795,#555555,#FF0066,false,true,6
346796,#008080,#FF0066,true,true,6
346797,#edebeb,#FF0066,false,true,6
346798,#edebeb,#FF0066,false,true,6
346799,#00FFFF,#FF0066,false,true,6
346800,#008080,#FF0066,true,true,6
346801,#9370DB,#FF0066,false,true,5
346802,#FFA500,#FF0066,false,true,6
346803,#edebeb,#00CCFF,false,true,4
346804,#00FFFF,#FF0066,false,true,5
346805,#008080,#FF0066,true,true,6
346806,#555555,#00CCFF,false,true,4
346807,#008080,#FF0066,false,true,6
346808,#008080,#FF0066,false,true,6
346809,#edebeb,#FF0066,true,true,6
346810,#CC0033,#FF0066,false,true,5
346811,#008080,#FF0066,false,true,6
346812,#9370DB,#00CCFF,false,true,5
346813,#edebeb,#FF0066,false,true,6
346814,#008080,#FF0066,false,true,5
346815,#FFA500,#00CCFF,false,true,4
346816,#ADFF2F,#FF0066,false,true,5
346817,#CC0033,#FF0066,false,true,6
346818,#555555,#00CCFF,false,true,4
346819,#edebeb,#FF0066,false,true,6
346820,#ADFF2F,#FF0066,false,true,5
346821,#9370DB,#FF0066,false,true,5
346822,#FFA500,#FF0066,false,true,6
346823,#FFA500,#FF0066,true,true,6
346824,#edebeb,#FF0066,false,true,6
346825,#edebeb,#00CCFF,false,true,5
346826,#FFA500,#00CCFF,false,true,4
346827,#9370DB,#FF0066,false,true,5
346828,#00FFFF,#FF0066,false,true,5
346829,#CC0033,#FF0066,false,true,5
346830,#ADFF2F,#00CCFF,false,true,4
346831,#ADFF2F,#FF0066,false,true,5
346832,#9370DB,#FF0066,false,true,5
346833,#008080,#FF0066,false,true,6
346834,#edebeb,#FF0066,false,true,6
346835,#008080,#FF0066,false,true,6
346836,#00FFFF,#FF0066,true,true,6
346837,#ADFF2F,#9900FF,false,true,4
346838,#00FFFF,#FF0066,false,true,6
346839,#edebeb,#FF0066,false,true,5
346840,#CC0033,#FF0066,false,true,5
346841,#FFA500,#FF0066,false,true,5
346842,#008080,#00CCFF,false,true,4
346843,#edebeb,#FF0066,false,true,6
346844,#9370DB,#FF0066,false,true,6
346845,#CC0033,#00CCFF,false,true,4
346846,#9370DB,#FF0066,false,true,5
346847,#edebeb,#00CCFF,false,true,4
346848,#00FFFF,#00CCFF,false,true,4
346849,#555555,#FF0066,false,true,6
346850,#FFA500,#FF0066,false,true,5
346851,#00FFFF,#9900FF,false,true,3
346852,#CC0033,#FF0066,false,true,5
346853,#00FFFF,#00CCFF,false,true,4
346854,#ADFF2F,#FF0066,false,true,5
346855,#FFA500,#FF0066,true,true,6
346856,#9370DB,#00CCFF,false,true,4
346857,#008080,#00CCFF,false,true,4
346858,#555555,#FF0066,false,true,5
346859,#FFA500,#9900FF,false,true,
346860,#edebeb,#00CCFF,false,true,4
346861,#CC0033,#9900FF,false,true,3
346862,#00FFFF,#FF0066,false,true,5
346863,#CC0033,#00CCFF,false,true,4
346864,#555555,#00CCFF,false,true,3
346865,#9370DB,#FF0066,true,true,6
346866,#555555,#9900FF,false,true,
346867,#ADFF2F,#00CCFF,false,true,4
346868,#555555,#9900FF,false,true,
346869,#00FFFF,#9900FF,false,true,3
346870,#555555,#00CCFF,false,true,4
346871,#CC0033,#00CCFF,false,true,4
346872,#FFA500,#00CCFF,false,true,4
346873,#9370DB,#FF0066,false,true,6
346874,#edebeb,#FF0066,true,true,6
346875,#ADFF2F,#00CCFF,false,true,5
346876,#edebeb,#FF0066,false,true,5
346877,#FFA500,#00CCFF,false,true,4
346878,#00FFFF,#00CCFF,false,true,4
346879,#edebeb,#00CCFF,false,true,5
346880,#ADFF2F,#9900FF,false,true,
346881,#00FFFF,#9900FF,false,true,3
346882,#ADFF2F,#9900FF,false,true,3
346883,#FFA500,#00CCFF,false,true,4
346884,#FFA500,#FF0066,false,true,5
346885,#008080,#9900FF,false,true,4
346886,#555555,#FF0066,false,true,6
346887,#ADFF2F,#00CCFF,false,true,5
346888,#edebeb,#FF6600,false,true,4
346889,#CC0033,#FF6600,false,true,4
346890,#008080,#00CCFF,false,true,3
346891,#008080,#FF0066,false,true,4
346892,#ADFF2F,#FF0066,false,true,6
346893,#ADFF2F,#FF0066,false,true,6
346894,#ADFF2F,#9900FF,false,true,3
346895,#555555,#FF0066,false,true,6
346896,#CC0033,#00CCFF,false,true,4
346897,#00FFFF,#9900FF,false,true,3
346898,#edebeb,#00CCFF,false,true,4
346899,#00FFFF,#FF0066,false,true,5
346900,#edebeb,#FF0066,true,true,6
346901,#9370DB,#FF0066,false,true,6
346902,#008080,#00CCFF,false,true,4
346903,#FFA500,#00CCFF,false,true,4
346904,#edebeb,#FF0066,false,true,5
346905,#edebeb,#00CCFF,false,true,5
346906,#9370DB,#00CCFF,false,true,4
346907,#CC0033,#FF0066,false,true,6
346908,#ADFF2F,#00CCFF,false,true,4
346909,#CC0033,#00CCFF,false,true,5
346910,#FFA500,#9900FF,false,true,3
346911,#CC0033,#FF0066,false,true,5
346912,#FFA500,#FF0066,false,true,5
346913,#edebeb,#FF0066,false,true,6
346914,#555555,#FF0066,false,true,5
346915,#9370DB,#FF0066,false,true,5
346916,#edebeb,#FF0066,false,true,6
346917,#edebeb,#00CCFF,false,true,4
346918,#00FFFF,#FF0066,false,true,5
346919,#CC0033,#FF0066,false,true,6
346920,#edebeb,#FF0066,false,true,6
346921,#555555,#FF0066,false,true,6
346922,#CC0033,#FF0066,false,true,5
346923,#008080,#00CCFF,false,true,4
346924,#CC0033,#FF0066,false,true,6
346925,#00FFFF,#00CCFF,false,true,5
346926,#555555,#FF0066,false,true,5
346927,#00FFFF,#00CCFF,false,true,5
346928,#9370DB,#FF0066,false,true,6
346929,#ADFF2F,#0000FF,false,true,
346930,#9370DB,#FF0066,false,true,6
346931,#edebeb,#00CCFF,false,true,3
346932,#FFA500,#00CCFF,false,true,5
346933,#ADFF2F,#00CCFF,false,true,5
346934,#edebeb,#00CCFF,false,true,4
346935,#FFA500,#00CCFF,false,true,3
346936,#edebeb,#00CCFF,false,true,4
346937,#ADFF2F,#FF0066,false,true,5
346938,#9370DB,#9900FF,false,true,3
346939,#CC0033,#00CCFF,false,true,6
346940,#9370DB,#00CCFF,false,true,4
346941,#FFA500,#FF0066,false,true,5
346942,#555555,#00CCFF,false,true,5
346943,#008080,#FF0066,false,true,6
346944,#9370DB,#FF0066,true,true,6
346945,#edebeb,#FF0066,false,true,4
346946,#00FFFF,#FF0066,false,true,6
346947,#008080,#00CCFF,false,true,4
346948,#9370DB,#FF0066,false,true,5
346949,#CC0033,#FF0066,false,true,6
346950,#00FFFF,#00CCFF,false,true,4
346951,#9370DB,#9900FF,false,true,3
346952,#008080,#00CCFF,false,true,4
346953,#ADFF2F,#FF6600,false,true,4
346954,#555555,#FF0066,false,true,6
346955,#edebeb,#FF0066,true,true,6
346956,#CC0033,#FF0066,false,true,6
346957,#008080,#FF0066,true,true,6
346958,#edebeb,#FF0066,false,true,5
346959,#FFA500,#FF0066,false,true,5
346960,#edebeb,#00CCFF,false,true,4
346961,#555555,#9900FF,false,true,3
346962,#555555,#FF0066,true,true,6
346963,#edebeb,#00CCFF,false,true,4
346964,#00FFFF,#FF0066,true,true,6
346965,#555555,#FF0066,false,true,5
346966,#9370DB,#FF0066,true,true,6
346967,#00FFFF,#FF0066,false,true,4
346968,#FFA500,#FF0066,false,true,6
346969,#555555,#00CCFF,false,true,5
346970,#FFA500,#FF0066,false,true,5
346971,#ADFF2F,#FF0066,false,true,6
346972,#008080,#FF0066,false,true,6
346973,#ADFF2F,#FF0066,false,true,6
346974,#008080,#FF0066,true,true,6
346975,#CC0033,#9900FF,false,true,4
346976,#edebeb,#00CCFF,false,true,4
346977,#555555,#FF0066,false,true,6
346978,#008080,#9900FF,false,true,3
346979,#FFA500,#00CCFF,false,true,5
346980,#CC0033,#FF0066,false,true,4
346981,#00FFFF,#FF0066,false,true,6
346982,#555555,#FF0066,false,true,5
346983,#555555,#FF0066,false,true,6
346984,#ADFF2F,#9900FF,false,true,3
346985,#FFA500,#00CCFF,false,true,4
346986,#008080,#FF0066,false,true,5
346987,#00FFFF,#00CCFF,false,true,4
346988,#008080,#FF0066,false,true,5
346989,#9370DB,#FF0066,false,true,5
346990,#555555,#FF0066,false,true,6
346991,#008080,#FF0066,true,true,6
346992,#edebeb,#FF0066,false,true,6
346993,#edebeb,#FF0066,false,true,6
346994,#ADFF2F,#FF0066,false,true,6
346995,#ADFF2F,#00CCFF,false,true,4
346996,#9370DB,#9900FF,false,true,3
346997,#008080,#FF0066,false,true,6
346998,#edebeb,#FF0066,true,true,6
346999,#FFA500,#FF0066,false,true,5
347000,#CC0033,#FF0066,false,true,6
347001,#555555,#FF0066,false,true,6
347002,#00FFFF,#00CCFF,false,true,5
347003,#edebeb,#FF0066,false,true,5
347004,#edebeb,#FF0066,false,true,5
347005,#008080,#00CCFF,false,true,5
347006,#FFA500,#FF0066,false,true,5
347007,#edebeb,#FF0066,false,true,5
347008,#edebeb,#FF0066,false,true,6
347009,#9370DB,#00CCFF,false,true,3
347010,#FFA500,#FF0066,false,true,5
347011,#ADFF2F,#FF0066,false,true,6
347012,#555555,#00CCFF,false,true,4
347013,#FFA500,#FF0066,false,true,6
347014,#FFA500,#FF0066,false,true,6
347015,#edebeb,#FF0066,false,true,6
347016,#9370DB,#FF0066,false,true,6
347017,#00FFFF,#00CCFF,false,true,4
347018,#008080,#FF0066,false,true,5
347019,#008080,#FF0066,false,true,5
347020,#00FFFF,#FF0066,false,true,6
347021,#edebeb,#9900FF,false,true,
347022,#edebeb,#00CCFF,false,true,3
347023,#008080,#9900FF,false,true,3
347024,#00FFFF,#00CCFF,false,true,4
347025,#edebeb,#FF0066,true,true,6
347026,#CC0033,#9900FF,false,true,3
347027,#ADFF2F,#9900FF,false,true,3
347028,#FFA500,#FF0066,false,true,5
347029,#00FFFF,#FF0066,false,true,5
347030,#ADFF2F,#00CCFF,false,true,4
347031,#CC0033,#00CCFF,false,true,4
347032,#edebeb,#FF0066,false,true,6
347033,#9370DB,#9900FF,false,true,
347034,#ADFF2F,#FF0066,false,true,5
347035,#555555,#FF0066,false,true,6
347036,#00FFFF,#FF6600,false,true,
347037,#FFA500,#00CCFF,false,true,5
347038,#edebeb,#00CCFF,false,true,4
347039,#FFA500,#00CCFF,false,true,5
347040,#CC0033,#FF0066,true,true,6
347041,#ADFF2F,#FF0066,false,true,4
347042,#00FFFF,#9900FF,false,true,4
347043,#CC0033,#FF0066,false,true,6
347044,#00FFFF,#FF0066,false,true,6
347045,#9370DB,#FF0066,false,true,5
347046,#008080,#FF0066,false,true,5
347047,#9370DB,#FF0066,false,true,6
347048,#008080,#FF0066,false,true,6
347049,#9370DB,#FF0066,true,true,6
347050,#ADFF2F,#FF0066,false,true,6
347051,#555555,#FF0066,false,true,5
347052,#ADFF2F,#00CCFF,false,true,6
347053,#CC0033,#00CCFF,false,true,4
347054,#ADFF2F,#00CCFF,false,true,4
347055,#ADFF2F,#FF0066,false,true,6
347056,#555555,#FF0066,false,true,5
347057,#00FFFF,#FF0066,false,true,5
347058,#ADFF2F,#FF0066,false,true,6
347059,#00FFFF,#FF0066,false,true,5
347060,#edebeb,#FF0066,false,true,5
347061,#edebeb,#FF0066,false,true,5
347062,#555555,#FF0066,false,true,6
347063,#9370DB,#FF0066,false,true,5
347064,#FFA500,#FF0066,false,true,5
347065,#00FFFF,#00CCFF,false,true,4
347066,#008080,#00CCFF,false,true,4
347067,#00FFFF,#FF0066,false,true,5
347068,#edebeb,#FF0066,false,true,5
347069,#CC0033,#FF0066,false,true,6
347070,#FFA500,#00CCFF,false,true,4
347071,#008080,#00CCFF,false,true,4
347072,#FFA500,#FF0066,false,true,5
347073,#555555,#FF0066,false,true,6
347074,#edebeb,#FF0066,true,true,6
347075,#555555,#00CCFF,false,true,4
347076,#edebeb,#FF0066,false,true,5
347077,#edebeb,#FF0066,true,true,6
347078,#FFA500,#FF0066,true,true,6
347079,#00FFFF,#FF0066,false,true,6
347080,#FFA500,#FF0066,false,true,6
347081,#FFA500,#FF0066,false,true,6
347082,#FFA500,#FF0066,false,true,6
347083,#555555,#00CCFF,false,true,4
347084,#008080,#00CCFF,false,true,4
347085,#ADFF2F,#FF0066,false,true,6
347086,#edebeb,#00CCFF,false,true,4
347087,#edebeb,#FF0066,false,true,6
347088,#edebeb,#FF0066,true,true,6
347089,#9370DB,#FF0066,false,true,5
347090,#edebeb,#FF0066,false,true,6
347091,#ADFF2F,#FF0066,false,true,5
347092,#9370DB,#00CCFF,false,true,4
347093,#008080,#FF0066,true,true,6
347094,#FFA500,#FF0066,false,true,6
347095,#ADFF2F,#FF0066,true,true,6
347096,#555555,#FF0066,false,true,6
347097,#ADFF2F,#FF0066,false,true,5
347098,#008080,#00CCFF,false,true,4
347099,#FFA500,#FF0066,false,true,6
347100,#CC0033,#FF0066,false,true,6
347101,#edebeb,#FF0066,false,true,6
347102,#555555,#FF0066,false,true,6
347103,#00FFFF,#FF0066,false,true,6
347104,#008080,#9900FF,false,true,3
347105,#FFA500,#9900FF,false,true,3
347106,#ADFF2F,#FF0066,false,true,5
347107,#008080,#FF0066,false,true,6
347108,#00FFFF,#FF0066,false,true,5
347109,#008080,#FF0066,false,true,6
347110,#edebeb,#FF0066,false,true,6
347111,#00FFFF,#00CCFF,false,true,4
347112,#FFA500,#FF0066,false,true,5
347113,#edebeb,#FF0066,false,true,6
347114,#edebeb,#FF0066,false,true,5
347115,#555555,#FF0066,false,true,5
347116,#00FFFF,#FF0066,false,true,6
347117,#FFA500,#FF0066,false,true,5
347118,#00FFFF,#FF0066,false,true,5
347119,#CC0033,#FF0066,false,true,6
347120,#FFA500,#FF0066,false,true,6
347121,#008080,#FF0066,false,true,6
347122,#CC0033,#FF0066,false,true,5
347123,#9370DB,#FF0066,true,true,6
347124,#ADFF2F,#FF0066,false,true,5
347125,#CC0033,#FF0066,true,true,6
347126,#9370DB,#FF0066,false,true,5
347127,#FFA500,#FF0066,false,true,5
347128,#ADFF2F,#00CCFF,false,true,4
347129,#00FFFF,#FF0066,false,true,6
347130,#edebeb,#FF0066,true,true,6
347131,#00FFFF,#00CCFF,false,true,4
347132,#edebeb,#9900FF,false,true,4
347133,#00FFFF,#FF0066,false,true,6
347134,#CC0033,#FF0066,false,true,6
347135,#9370DB,#FF0066,false,true,6
347136,#00FFFF,#FF0066,true,true,6
347137,#9370DB,#FF0066,true,true,6
347138,#555555,#FF0066,false,true,6
347139,#ADFF2F,#FF0066,false,true,6
347140,#edebeb,#00CCFF,false,true,4
347141,#ADFF2F,#FF0066,false,true,5
347142,#00FFFF,#9900FF,false,true,
347143,#CC0033,#FF0066,false,true,5
347144,#CC0033,#FF0066,false,true,6
347145,#008080,#9900FF,false,true,3
347146,#008080,#00CCFF,false,true,5
347147,#FFA500,#FF0066,false,true,6
347148,#008080,#FF0066,true,true,6
347149,#edebeb,#00CCFF,false,true,4
347150,#9370DB,#00CCFF,false,true,4
347151,#00FFFF,#FF0066,false,true,6
347152,#9370DB,#00CCFF,false,true,5
347153,#ADFF2F,#FF0066,false,true,6
347154,#CC0033,#00CCFF,false,true,5
347155,#CC0033,#9900FF,false,true,3
347156,#CC0033,#FF0066,false,true,5
347157,#edebeb,#FF0066,false,true,5
347158,#CC0033,#00CCFF,false,true,4
347159,#555555,#FF0066,false,true,6
347160,#9370DB,#FF0066,false,true,6
347161,#008080,#00CCFF,false,true,4
347162,#ADFF2F,#9900FF,false,true,3
347163,#00FFFF,#FF0066,true,true,6
347164,#555555,#FF0066,true,true,6
347165,#CC0033,#FF0066,true,true,6
347166,#9370DB,#FF0066,false,true,6
347167,#FFA500,#9900FF,false,true,4
347168,#CC0033,#00CCFF,false,true,4
347169,#008080,#00CCFF,false,true,4
347170,#9370DB,#FF0066,false,true,5
347171,#FFA500,#FF0066,false,true,5
347172,#555555,#00CCFF,false,true,4
347173,#CC0033,#9900FF,false,true,3
347174,#00FFFF,#FF0066,false,true,5
347175,#CC0033,#FF0066,false,true,5
347176,#008080,#FF0066,false,true,5
347177,#ADFF2F,#9900FF,false,true,3
347178,#00FFFF,#9900FF,false,true,3
347179,#FFA500,#FF0066,false,true,5
347180,#008080,#FF0066,false,true,6
347181,#FFA500,#FF0066,false,true,5
347182,#edebeb,#FF0066,false,true,5
347183,#edebeb,#00CCFF,false,true,4
347184,#FFA500,#00CCFF,false,true,4
347185,#00FFFF,#00CCFF,false,true,4
347186,#555555,#FF0066,false,true,4
347187,#CC0033,#9900FF,false,true,
347188,#9370DB,#00CCFF,false,true,5
347189,#00FFFF,#FF0066,true,true,6
347190,#ADFF2F,#FF0066,false,true,5
347191,#00FFFF,#FF0066,false,true,6
347192,#ADFF2F,#FF0066,false,true,5
347193,#00FFFF,#0000FF,false,true,6
347194,#9370DB,#FF0066,false,true,6
347195,#008080,#FF0066,true,true,6
347196,#edebeb,#9900FF,false,true,
347197,#008080,#00CCFF,false,true,4
347198,#00FFFF,#00CCFF,false,true,4
347199,#9370DB,#00CCFF,false,true,3
347200,#CC0033,#00CCFF,false,true,4
347201,#ADFF2F,#9900FF,false,true,3
347202,#CC0033,#00CCFF,false,true,5
347203,#ADFF2F,#FF0066,false,true,5
347204,#ADFF2F,#FF6600,false,true,3
347205,#9370DB,#00CCFF,false,true,5
347206,#9370DB,#00CCFF,false,true,4
347207,#00FFFF,#FF0066,false,true,5
347208,#CC0033,#FF0066,false,true,6
347209,#008080,#FF0066,true,true,6
347210,#008080,#FF0066,false,true,4
347211,#9370DB,#FF0066,false,true,6
347212,#CC0033,#FF0066,false,true,6
347213,#9370DB,#00CCFF,false,true,4
347214,#008080,#9900FF,false,true,
347215,#00FFFF,#00CCFF,false,true,4
347216,#00FFFF,#FF0066,false,true,6
347217,#008080,#FF0066,false,true,4
347218,#008080,#FF0066,false,true,5
347219,#9370DB,#00CCFF,false,true,4
347220,#FFA500,#FF0066,false,true,6
347221,#555555,#FF0066,false,true,5
347222,#CC0033,#00CCFF,false,true,4
347223,#ADFF2F,#FF0066,false,true,5
347224,#9370DB,#00CCFF,false,true,4
347225,#555555,#FF0066,false,true,5
347226,#CC0033,#FF0066,false,true,5
347227,#edebeb,#FF0066,false,true,5
347228,#555555,#FF0066,false,true,6
347229,#555555,#00CCFF,false,true,4
347230,#008080,#FF0066,true,true,6
347231,#edebeb,#FF0066,false,true,6
347232,#9370DB,#9900FF,false,true,3
347233,#555555,#00CCFF,false,true,4
347234,#9370DB,#9900FF,false,true,4
347235,#008080,#FF0066,false,true,6
347236,#FFA500,#00CCFF,false,true,5
347237,#ADFF2F,#00CCFF,false,true,4
347238,#ADFF2F,#FF0066,false,true,5
347239,#555555,#FF0066,false,true,6
347240,#ADFF2F,#00CCFF,false,true,5
347241,#00FFFF,#FF0066,true,true,6
347242,#00FFFF,#FF0066,true,true,6
347243,#edebeb,#FF0066,false,true,5
347244,#ADFF2F,#00CCFF,false,true,4
347245,#ADFF2F,#00CCFF,false,true,4
347246,#ADFF2F,#FF0066,false,true,6
347247,#9370DB,#00CCFF,false,true,4
347248,#ADFF2F,#FF0066,false,true,6
347249,#00FFFF,#FF0066,false,true,5
347250,#edebeb,#00CCFF,false,true,4
347251,#008080,#9900FF,false,true,3
347252,#edebeb,#FF0066,false,true,5
347253,#555555,#00CCFF,false,true,4
347254,#008080,#FF0066,false,true,5
347255,#FFA500,#FF0066,false,true,5
347256,#ADFF2F,#00CCFF,false,true,4
347257,#ADFF2F,#FF0066,false,true,6
347258,#edebeb,#FF0066,false,true,5
347259,#edebeb,#FF0066,false,true,6
347260,#ADFF2F,#00CCFF,false,true,5
347261,#CC0033,#FF0066,false,true,6
347262,#ADFF2F,#FF0066,false,true,6
347263,#00FFFF,#FF0066,false,true,5
347264,#edebeb,#FF0066,false,true,5
347265,#008080,#FF0066,false,true,6
347266,#555555,#FF0066,false,true,6
347267,#9370DB,#FF0066,false,true,6
347268,#008080,#FF0066,false,true,5
347269,#CC0033,#FF0066,false,true,6
347270,#edebeb,#FF0066,true,true,6
347271,#555555,#FF0066,false,true,5
347272,#CC0033,#00CCFF,false,true,4
347273,#008080,#00CCFF,false,true,3
347274,#555555,#FF0066,true,true,6
347275,#edebeb,#FF0066,false,true,5
347276,#9370DB,#FF0066,false,true,6
347277,#008080,#00CCFF,false,true,4
347278,#ADFF2F,#FF0066,false,true,6
347279,#edebeb,#FF0066,false,true,6
347280,#00FFFF,#FF0066,false,true,5
347281,#555555,#00CCFF,false,true,4
347282,#edebeb,#FF0066,false,true,6
347283,#FFA500,#00CCFF,false,true,4
347284,#9370DB,#FF0066,false,true,6
347285,#CC0033,#FF0066,false,true,6
347286,#008080,#00CCFF,false,true,4
347287,#ADFF2F,#9900FF,false,true,
347288,#008080,#00CCFF,false,true,4
347289,#FFA500,#FF0066,false,true,5
347290,#008080,#FF0066,true,true,6
347291,#edebeb,#00CCFF,false,true,4
347292,#ADFF2F,#00CCFF,false,true,4
347293,#edebeb,#FF0066,false,true,6
347294,#555555,#9900FF,false,true,3
347295,#edebeb,#FF0066,false,true,4
347296,#ADFF2F,#FF0066,true,true,6
347297,#9370DB,#FF0066,true,true,6
347298,#008080,#FF0066,true,true,6
347299,#ADFF2F,#FF0066,true,true,6
347300,#FFA500,#00CCFF,false,true,4
347301,#00FFFF,#FF0066,true,true,6
347302,#edebeb,#FF0066,false,true,6
347303,#00FFFF,#00CCFF,false,true,3
347304,#edebeb,#FF0066,false,true,6
347305,#FFA500,#FF0066,false,true,5
347306,#CC0033,#FF0066,false,true,6
347307,#edebeb,#FF0066,false,true,5
347308,#008080,#FF0066,false,true,6
347309,#FFA500,#FF0066,false,true,5
347310,#ADFF2F,#00CCFF,false,true,4
347311,#555555,#9900FF,false,true,3
347312,#FFA500,#00CCFF,false,true,5
347313,#00FFFF,#FF0066,false,true,5
347314,#FFA500,#9900FF,false,true,
347315,#ADFF2F,#00CCFF,false,true,4
347316,#ADFF2F,#00CCFF,false,true,4
347317,#00FFFF,#00CCFF,false,true,4
347318,#ADFF2F,#FF0066,false,true,5
347319,#008080,#00CCFF,false,true,4
347320,#00FFFF,#FF0066,false,true,5
347321,#edebeb,#00CCFF,false,true,4
347322,#00FFFF,#FF0066,false,true,6
347323,#00FFFF,#00CCFF,false,true,4
347324,#CC0033,#00CCFF,false,true,4
347325,#ADFF2F,#FF0066,false,true,4
347326,#CC0033,#9900FF,false,true,3
347327,#00FFFF,#FF0066,false,true,6
347328,#CC0033,#FF0066,false,true,6
347329,#ADFF2F,#00CCFF,false,true,4
347330,#ADFF2F,#FF0066,false,true,5
347331,#00FFFF,#FF0066,false,true,6
347332,#CC0033,#00CCFF,false,true,4
347333,#CC0033,#00CCFF,false,true,4
347334,#9370DB,#FF0066,false,true,5
347335,#008080,#FF6600,false,true,
347336,#9370DB,#00CCFF,false,true,4
347337,#edebeb,#FF0066,false,true,6
347338,#edebeb,#FF0066,false,true,6
347339,#FFA500,#FF0066,true,true,6
347340,#ADFF2F,#9900FF,false,true,3
347341,#00FFFF,#00CCFF,false,true,4
347342,#edebeb,#FF0066,false,true,6
347343,#FFA500,#00CCFF,false,true,4
347344,#CC0033,#FF0066,false,true,5
347345,#9370DB,#00CCFF,false,true,4
347346,#555555,#00CCFF,false,true,4
347347,#00FFFF,#9900FF,false,true,3
347348,#CC0033,#FF0066,false,true,5
347349,#ADFF2F,#00CCFF,false,true,4
347350,#00FFFF,#FF0066,false,true,5
347351,#00FFFF,#00CCFF,false,true,5
347352,#ADFF2F,#FF0066,false,true,5
347353,#CC0033,#FF0066,false,true,6
347354,#CC0033,#9900FF,false,true,3
347355,#edebeb,#FF0066,false,true,5
347356,#FFA500,#FF0066,false,true,6
347357,#FFA500,#FF0066,false,true,6
347358,#CC0033,#FF0066,false,true,5
347359,#ADFF2F,#FF0066,false,true,5
347360,#CC0033,#FF0066,false,true,6
347361,#008080,#00CCFF,false,true,3
347362,#008080,#FF0066,false,true,5
347363,#9370DB,#FF0066,false,true,6
347364,#9370DB,#FF0066,false,true,5
347365,#008080,#FF0066,false,true,5
347366,#008080,#FF0066,false,true,6
347367,#CC0033,#FF0066,true,true,6
347368,#9370DB,#FF0066,false,true,6
347369,#CC0033,#FF0066,false,true,6
347370,#ADFF2F,#FF0066,false,true,5
347371,#FFA500,#FF0066,false,true,6
347372,#00FFFF,#00CCFF,false,true,4
347373,#ADFF2F,#FF0066,false,true,5
347374,#FFA500,#FF0066,false,true,6
347375,#edebeb,#FF0066,false,true,6
347376,#edebeb,#FF0066,false,true,6
347377,#FFA500,#FF0066,false,true,6
347378,#00FFFF,#FF0066,false,true,6
347379,#CC0033,#00CCFF,false,true,4
347380,#CC0033,#00CCFF,false,true,4
347381,#9370DB,#FF0066,false,true,5
347382,#9370DB,#FF0066,false,true,5
347383,#555555,#FF0066,false,true,5
347384,#00FFFF,#FF0066,false,true,6
347385,#555555,#FF0066,false,true,5
347386,#ADFF2F,#FF0066,true,true,6
347387,#ADFF2F,#FF0066,false,true,5
347388,#CC0033,#FF0066,false,true,5
347389,#555555,#00CCFF,false,true,4
347390,#00FFFF,#FF0066,false,true,6
347391,#9370DB,#FF0066,false,true,5
347392,#00FFFF,#00CCFF,false,true,4
347393,#008080,#FF0066,false,true,5
347394,#9370DB,#FF0066,false,true,5
347395,#FFA500,#FF0066,false,true,6
347396,#555555,#9900FF,false,true,3
347397,#edebeb,#00CCFF,false,true,4
347398,#ADFF2F,#FF0066,false,true,5
347399,#FFA500,#FF0066,false,true,5
347400,#555555,#FF0066,true,true,6
347401,#555555,#00CCFF,false,true,4
347402,#00FFFF,#00CCFF,false,true,4
347403,#CC0033,#00CCFF,false,true,4
347404,#9370DB,#FF0066,true,true,6
347405,#008080,#FF0066,false,true,6
347406,#555555,#FF0066,false,true,5
347407,#edebeb,#FF0066,false,true,5
347408,#555555,#00CCFF,false,true,4
347409,#9370DB,#FF0066,false,true,6
347410,#9370DB,#00CCFF,false,true,4
347411,#FFA500,#FF0066,false,true,6
347412,#008080,#00CCFF,false,true,4
347413,#FFA500,#FF0066,false,true,5
347414,#9370DB,#FF0066,true,true,6
347415,#edebeb,#FF0066,false,true,5
347416,#00FFFF,#FF0066,false,true,6
347417,#CC0033,#9900FF,false,true,
347418,#00FFFF,#00CCFF,false,true,5
347419,#008080,#9900FF,false,true,3
347420,#9370DB,#00CCFF,false,true,4
347421,#9370DB,#FF0066,false,true,5
347422,#555555,#FF0066,true,true,6
347423,#CC0033,#FF0066,false,true,6
347424,#CC0033,#FF0066,false,true,6
347425,#ADFF2F,#FF0066,false,true,5
347426,#ADFF2F,#FF0066,false,true,6
347427,#00FFFF,#00CCFF,false,true,4
347428,#edebeb,#FF0066,true,true,6
347429,#9370DB,#FF0066,false,true,5
347430,#edebeb,#FF0066,false,true,6
347431,#FFA500,#00CCFF,false,true,4
347432,#FFA500,#FF0066,false,true,5
347433,#9370DB,#00CCFF,false,true,4
347434,#9370DB,#00CCFF,false,true,4
347435,#555555,#FF0066,false,true,5
347436,#008080,#00CCFF,false,true,4
347437,#CC0033,#FF0066,false,true,5
347438,#edebeb,#00CCFF,false,true,4
347439,#008080,#FF0066,false,true,5
347440,#9370DB,#FF0066,false,true,6
347441,#008080,#FF0066,false,true,6
347442,#555555,#FF0066,false,true,5
347443,#008080,#FF0066,false,true,5
347444,#008080,#00CCFF,false,true,4
347445,#9370DB,#00CCFF,false,true,4
347446,#008080,#9900FF,false,true,4
347447,#CC0033,#00CCFF,false,true,4
347448,#00FFFF,#FF0066,false,true,5
347449,#FFA500,#00CCFF,false,true,4
347450,#CC0033,#FF0066,true,true,6
347451,#9370DB,#00CCFF,false,true,4
347452,#00FFFF,#FF0066,false,true,5
347453,#9370DB,#00CCFF,false,true,4
347454,#CC0033,#FF0066,false,true,5
347455,#FFA500,#00CCFF,false,true,4
347456,#9370DB,#FF0066,false,true,6
347457,#CC0033,#00CCFF,false,true,4
347458,#008080,#00CCFF,false,true,4
347459,#CC0033,#FF0066,false,true,4
347460,#edebeb,#FF0066,false,true,5
347461,#ADFF2F,#00CCFF,false,true,4
347462,#00FFFF,#00CCFF,false,true,5
347463,#edebeb,#00CCFF,false,true,4
347464,#ADFF2F,#9900FF,false,true,4
347465,#555555,#FF0066,false,true,5
347466,#ADFF2F,#FF0066,false,true,6
347467,#00FFFF,#9900FF,false,true,3
347468,#00FFFF,#FF0066,false,true,5
347469,#9370DB,#FF0066,false,true,6
347470,#edebeb,#FF0066,false,true,5
347471,#CC0033,#00CCFF,false,true,4
347472,#555555,#FF0066,false,true,6
347473,#00FFFF,#00CCFF,false,true,4
347474,#9370DB,#00CCFF,false,true,4
347475,#FFA500,#FF0066,false,true,5
347476,#ADFF2F,#FF0066,false,true,5
347477,#CC0033,#FF0066,false,true,5
347478,#ADFF2F,#00CCFF,false,true,4
347479,#00FFFF,#00CCFF,false,true,4
347480,#CC0033,#FF0066,true,true,6
347481,#ADFF2F,#FF0066,false,true,5
347482,#ADFF2F,#FF0066,false,true,5
347483,#555555,#FF0066,true,true,6
347484,#008080,#00CCFF,false,true,4
347485,#00FFFF,#00CCFF,false,true,5
347486,#00FFFF,#FF0066,false,true,5
347487,#9370DB,#FF0066,false,true,6
347488,#edebeb,#00CCFF,false,true,4
347489,#ADFF2F,#FF0066,false,true,6
347490,#FFA500,#00CCFF,false,true,4
347491,#008080,#FF0066,false,true,6
347492,#ADFF2F,#FF0066,false,true,6
347493,#008080,#00CCFF,false,true,4
347494,#FFA500,#00CCFF,false,true,3
347495,#00FFFF,#FF0066,false,true,6
347496,#9370DB,#FF0066,false,true,6
347497,#00FFFF,#00CCFF,false,true,4
347498,#9370DB,#00CCFF,false,true,4
347499,#555555,#FF0066,false,true,6
347500,#ADFF2F,#00CCFF,false,true,4
347501,#555555,#FF0066,false,true,6
347502,#9370DB,#FF0066,false,true,6
347503,#edebeb,#FF0066,false,true,5
347504,#edebeb,#FF0066,true,true,6
347505,#ADFF2F,#FF0066,false,true,6
347506,#FFA500,#00CCFF,false,true,4
347507,#9370DB,#FF0066,false,true,5
347508,#008080,#00CCFF,false,true,3
347509,#edebeb,#FF0066,false,true,5
347510,#9370DB,#FF0066,false,true,5
347511,#CC0033,#FF0066,false,true,6
347512,#00FFFF,#FF0066,false,true,6
347513,#edebeb,#FF0066,false,true,5
347514,#555555,#00CCFF,false,true,4
347515,#00FFFF,#FF0066,true,true,6
347516,#ADFF2F,#FF0066,false,true,5
347517,#CC0033,#00CCFF,false,true,4
347518,#9370DB,#FF0066,false,true,6
347519,#555555,#FF0066,false,true,6
347520,#edebeb,#00CCFF,false,true,4
347521,#555555,#FF0066,true,true,6
347522,#CC0033,#FF0066,false,true,5
347523,#ADFF2F,#FF0066,false,true,6
347524,#ADFF2F,#FF0066,false,true,5
347525,#555555,#FF0066,false,true,6
347526,#FFA500,#FF0066,false,true,5
347527,#9370DB,#9900FF,false,true,3
347528,#9370DB,#FF0066,false,true,5
347529,#ADFF2F,#00CCFF,false,true,4
347530,#9370DB,#00CCFF,false,true,4
347531,#008080,#FF0066,false,true,5
347532,#FFA500,#FF0066,false,true,5
347533,#008080,#FF0066,false,true,5
347534,#555555,#FF0066,false,true,5
347535,#edebeb,#00CCFF,false,true,4
347536,#9370DB,#FF0066,false,true,5
347537,#555555,#FF0066,false,true,6
347538,#008080,#FF0066,false,true,5
347539,#edebeb,#FF0066,false,true,5
347540,#555555,#00CCFF,false,true,4
347541,#CC0033,#9900FF,false,true,3
347542,#00FFFF,#FF0066,false,true,5
347543,#FFA500,#FF0066,false,true,6
347544,#ADFF2F,#FF0066,true,true,6
347545,#00FFFF,#FF0066,false,true,5
347546,#FFA500,#FF0066,true,true,6
347547,#edebeb,#00CCFF,false,true,5
347548,#9370DB,#FF0066,false,true,5
347549,#00FFFF,#00CCFF,false,true,4
347550,#edebeb,#FF0066,false,true,5
347551,#CC0033,#FF0066,false,true,6
347552,#555555,#00CCFF,false,true,4
347553,#00FFFF,#FF0066,false,true,6
347554,#FFA500,#FF0066,false,true,6
347555,#ADFF2F,#FF0066,false,true,6
347556,#CC0033,#FF0066,false,true,5
347557,#edebeb,#FF0066,false,true,5
347558,#9370DB,#FF0066,false,true,5
347559,#00FFFF,#FF0066,false,true,5
347560,#9370DB,#9900FF,false,true,3
347561,#CC0033,#FF0066,false,true,6
347562,#FFA500,#FF0066,false,true,5
347563,#9370DB,#FF0066,true,true,6
347564,#FFA500,#00CCFF,false,true,4
347565,#edebeb,#FF0066,false,true,5
347566,#008080,#FF0066,false,true,6
347567,#ADFF2F,#FF0066,false,true,5
347568,#9370DB,#FF0066,true,true,6
347569,#edebeb,#00CCFF,false,true,4
347570,#edebeb,#FF0066,false,true,5
347571,#CC0033,#FF0066,true,true,6
347572,#edebeb,#FF0066,false,true,6
347573,#9370DB,#FF0066,false,true,6
347574,#CC0033,#00CCFF,false,true,5
347575,#FFA500,#00CCFF,false,true,5
347576,#edebeb,#FF0066,false,true,4
347577,#008080,#FF0066,false,true,6
347578,#00FFFF,#FF0066,false,true,5
347579,#edebeb,#FF0066,false,true,5
347580,#edebeb,#FF0066,false,true,5
347581,#555555,#00CCFF,false,true,4
347582,#FFA500,#FF0066,true,true,6
347583,#555555,#FF0066,false,true,6
347584,#555555,#00CCFF,false,true,4
347585,#FFA500,#9900FF,false,true,3
347586,#edebeb,#FF0066,false,true,5
347587,#ADFF2F,#9900FF,false,true,3
347588,#9370DB,#9900FF,false,true,
347589,#edebeb,#00CCFF,false,true,4
347590,#008080,#00CCFF,false,true,5
347591,#CC0033,#9900FF,false,true,3
347592,#CC0033,#FF0066,false,true,5
347593,#00FFFF,#FF0066,false,true,6
347594,#CC0033,#FF0066,false,true,5
347595,#00FFFF,#00CCFF,false,true,4
347596,#ADFF2F,#00CCFF,false,true,4
347597,#00FFFF,#00CCFF,false,true,3
347598,#ADFF2F,#00CCFF,false,true,4
347599,#008080,#00CCFF,false,true,4
347600,#9370DB,#00CCFF,false,true,4
347601,#CC0033,#FF0066,false,true,5
347602,#9370DB,#FF0066,false,true,6
347603,#ADFF2F,#00CCFF,false,true,4
347604,#ADFF2F,#FF0066,false,true,6
347605,#00FFFF,#00CCFF,false,true,5
347606,#FFA500,#9900FF,false,true,3
347607,#edebeb,#FF0066,false,true,6
347608,#CC0033,#00CCFF,false,true,4
347609,#CC0033,#00CCFF,false,true,4
347610,#FFA500,#FF0066,false,true,4
347611,#00FFFF,#FF0066,false,true,6
347612,#00FFFF,#FF0066,false,true,6
347613,#008080,#FF0066,false,true,5
347614,#CC0033,#00CCFF,false,true,3
347615,#555555,#00CCFF,false,true,4
347616,#FFA500,#FF0066,false,true,5
347617,#9370DB,#00CCFF,false,true,3
347618,#9370DB,#00CCFF,false,true,4
347619,#9370DB,#00CCFF,false,true,4
347620,#edebeb,#FF0066,false,true,6
347621,#008080,#FF0066,false,true,5
347622,#9370DB,#FF0066,false,true,6
347623,#ADFF2F,#00CCFF,false,true,4
347624,#008080,#FF0066,false,true,5
347625,#edebeb,#00CCFF,false,true,4
347626,#CC0033,#FF0066,false,true,6
347627,#008080,#FF0066,false,true,5
347628,#CC0033,#FF0066,false,true,6
347629,#CC0033,#FF0066,false,true,5
347630,#008080,#FF0066,false,true,5
347631,#9370DB,#FF0066,false,true,6
347632,#555555,#FF0066,false,true,5
347633,#edebeb,#00CCFF,false,true,4
347634,#CC0033,#FF0066,false,true,6
347635,#FFA500,#FF0066,false,true,6
347636,#CC0033,#00CCFF,false,true,3
347637,#edebeb,#FF0066,false,true,6
347638,#008080,#00CCFF,false,true,3
347639,#9370DB,#FF0066,false,true,6
347640,#00FFFF,#FF0066,false,true,6
347641,#555555,#00CCFF,false,true,4
347642,#ADFF2F,#FF0066,false,true,5
347643,#555555,#00CCFF,false,true,4
347644,#008080,#FF0066,false,true,5
347645,#555555,#00CCFF,false,true,4
347646,#ADFF2F,#FF0066,false,true,6
347647,#9370DB,#FF0066,false,true,6
347648,#ADFF2F,#FF0066,false,true,5
347649,#008080,#FF0066,false,true,6
347650,#008080,#FF0066,false,true,5
347651,#ADFF2F,#FF0066,false,true,6
347652,#555555,#FF0066,false,true,6
347653,#00FFFF,#FF0066,true,true,6
347654,#FFA500,#FF0066,false,true,6
347655,#edebeb,#FF0066,false,true,5
347656,#008080,#FF0066,false,true,5
347657,#FFA500,#FF6600,false,true,3
347658,#008080,#00CCFF,false,true,4
347659,#CC0033,#FF0066,false,true,6
347660,#555555,#FF0066,false,true,5
347661,#edebeb,#FF0066,false,true,5
347662,#9370DB,#FF0066,false,true,5
347663,#FFA500,#9900FF,false,true,3
347664,#555555,#FF0066,true,true,6
347665,#edebeb,#FF0066,false,true,6
347666,#008080,#FF0066,false,true,5
347667,#FFA500,#FF0066,false,true,6
347668,#FFA500,#FF0066,true,true,6
347669,#ADFF2F,#FF0066,false,true,5
347670,#00FFFF,#FF0066,false,true,6
347671,#CC0033,#FF0066,false,true,6
347672,#555555,#9900FF,false,true,3
347673,#00FFFF,#00CCFF,false,true,4
347674,#008080,#FF0066,true,true,6
347675,#00FFFF,#FF0066,false,true,6
347676,#008080,#FF0066,true,true,6
347677,#008080,#FF0066,false,true,6
347678,#edebeb,#FF0066,true,true,6
347679,#CC0033,#FF0066,false,true,5
347680,#CC0033,#FF0066,true,true,6
347681,#FFA500,#FF0066,false,true,5
347682,#9370DB,#FF0066,false,true,6
347683,#00FFFF,#FF0066,false,true,6
347684,#CC0033,#FF0066,false,true,6
347685,#008080,#FF0066,false,true,5
347686,#FFA500,#FF0066,false,true,6
347687,#9370DB,#FF0066,true,true,6
347688,#edebeb,#FF0066,false,true,5
347689,#008080,#FF0066,false,true,6
347690,#008080,#FF0066,false,true,6
347691,#9370DB,#FF0066,false,true,6
347692,#008080,#FF0066,false,true,6
347693,#ADFF2F,#FF0066,false,true,6
347694,#008080,#FF0066,false,true,6
347695,#CC0033,#00CCFF,false,true,4
347696,#edebeb,#FF0066,false,true,6
347697,#FFA500,#FF0066,false,true,6
347698,#9370DB,#FF0066,false,true,6
347699,#008080,#FF0066,false,true,6
347700,#CC0033,#00CCFF,false,true,3
347701,#edebeb,#FF0066,false,true,6
347702,#008080,#FF0066,false,true,5
347703,#edebeb,#FF0066,false,true,6
347704,#FFA500,#FF0066,true,true,6
347705,#008080,#00CCFF,false,true,4
347706,#008080,#FF0066,false,true,6
347707,#9370DB,#9900FF,false,true,3
347708,#ADFF2F,#FF0066,false,true,5
347709,#008080,#FF0066,false,true,5
347710,#ADFF2F,#FF0066,false,true,6
347711,#008080,#FF0066,false,true,5
347712,#9370DB,#FF0066,false,true,6
347713,#edebeb,#FF0066,false,true,6
347714,#edebeb,#FF0066,false,true,6
347715,#9370DB,#00CCFF,false,true,4
347716,#555555,#FF0066,false,true,6
347717,#ADFF2F,#FF0066,false,true,6
347718,#00FFFF,#9900FF,false,true,
347719,#ADFF2F,#FF0066,true,true,6
347720,#555555,#FF0066,true,true,6
347721,#ADFF2F,#FF0066,false,true,5
347722,#008080,#FF0066,false,true,5
347723,#555555,#9900FF,false,true,3
347724,#00FFFF,#FF0066,false,true,6
347725,#ADFF2F,#FF0066,true,true,6
347726,#edebeb,#FF0066,true,true,6
347727,#edebeb,#FF0066,false,true,5
347728,#9370DB,#FF0066,false,true,5
347729,#00FFFF,#00CCFF,false,true,4
347730,#CC0033,#00CCFF,false,true,4
347731,#555555,#FF0066,false,true,6
347732,#9370DB,#00CCFF,false,true,4
347733,#008080,#00CCFF,false,true,4
347734,#9370DB,#00CCFF,false,true,4
347735,#9370DB,#FF0066,false,true,6
347736,#CC0033,#FF0066,false,true,5
347737,#00FFFF,#FF0066,false,true,6
347738,#008080,#FF0066,false,true,6
347739,#FFA500,#FF0066,false,true,5
347740,#008080,#FF0066,false,true,5
347741,#9370DB,#00CCFF,false,true,5
347742,#CC0033,#FF0066,false,true,5
347743,#edebeb,#FF0066,false,true,6
347744,#9370DB,#FF0066,false,true,6
347745,#555555,#FF0066,false,true,5
347746,#00FFFF,#FF0066,false,true,6
347747,#ADFF2F,#00CCFF,false,true,4
347748,#edebeb,#9900FF,false,true,3
347749,#CC0033,#FF0066,false,true,5
347750,#9370DB,#00CCFF,false,true,5
347751,#ADFF2F,#FF0066,false,true,5
347752,#ADFF2F,#00CCFF,false,true,4
347753,#ADFF2F,#FF0066,false,true,5
347754,#555555,#FF0066,false,true,6
347755,#008080,#00CCFF,false,true,4
347756,#00FFFF,#00CCFF,false,true,4
347757,#555555,#00CCFF,false,true,4
347758,#9370DB,#FF0066,false,true,6
347759,#555555,#00CCFF,false,true,4
347760,#FFA500,#FF0066,false,true,5
347761,#CC0033,#FF0066,false,true,6
347762,#edebeb,#00CCFF,false,true,4
347763,#FFA500,#FF0066,false,true,6
347764,#ADFF2F,#FF0066,true,true,6
347765,#00FFFF,#FF0066,false,true,5
347766,#FFA500,#00CCFF,false,true,4
347767,#FFA500,#FF0066,false,true,6
347768,#9370DB,#FF0066,false,true,5
347769,#00FFFF,#FF6600,false,true,
347770,#555555,#00CCFF,false,true,4
347771,#edebeb,#00CCFF,false,true,4
347772,#ADFF2F,#FF0066,false,true,5
347773,#edebeb,#FF0066,false,true,5
347774,#9370DB,#FF0066,true,true,6
347775,#ADFF2F,#00CCFF,false,true,4
347776,#008080,#9900FF,false,true,3
347777,#008080,#9900FF,false,true,4
347778,#CC0033,#00CCFF,false,true,4
347779,#ADFF2F,#FF0066,false,true,5
347780,#ADFF2F,#00CCFF,false,true,4
347781,#CC0033,#FF0066,false,true,6
347782,#9370DB,#FF0066,false,true,6
347783,#FFA500,#FF0066,false,true,5
347784,#555555,#00CCFF,false,true,4
347785,#9370DB,#FF0066,false,true,6
347786,#00FFFF,#00CCFF,false,true,4
347787,#008080,#FF0066,false,true,5
347788,#edebeb,#FF0066,true,true,6
347789,#00FFFF,#FF0066,false,true,6
347790,#00FFFF,#FF0066,false,true,6
347791,#555555,#00CCFF,false,true,4
347792,#edebeb,#FF0066,true,true,6
347793,#edebeb,#FF0066,false,true,6
347794,#555555,#FF0066,false,true,6
347795,#9370DB,#FF0066,false,true,5
347796,#CC0033,#FF0066,false,true,6
347797,#555555,#FF0066,false,true,5
347798,#008080,#FF0066,false,true,6
347799,#edebeb,#FF0066,false,true,6
347800,#FFA500,#FF0066,false,true,5
347801,#9370DB,#00CCFF,false,true,4
347802,#FFA500,#00CCFF,false,true,4
347803,#edebeb,#FF0066,false,true,6
347804,#9370DB,#FF0066,false,true,5
347805,#CC0033,#FF0066,true,true,6
347806,#ADFF2F,#FF0066,false,true,5
347807,#00FFFF,#00CCFF,false,true,4
347808,#00FFFF,#FF0066,false,true,5
347809,#00FFFF,#FF0066,false,true,6
347810,#edebeb,#FF0066,true,true,6
347811,#9370DB,#FF0066,true,true,6
347812,#FFA500,#FF0066,false,true,6
347813,#edebeb,#FF0066,false,true,6
347814,#00FFFF,#FF0066,false,true,5
347815,#edebeb,#FF0066,false,true,5
347816,#CC0033,#00CCFF,false,true,4
347817,#9370DB,#FF0066,false,true,6
347818,#00FFFF,#FF0066,false,true,6
347819,#FFA500,#FF0066,false,true,6
347820,#008080,#FF0066,false,true,6
347821,#555555,#00CCFF,false,true,4
347822,#ADFF2F,#FF0066,false,true,6
347823,#edebeb,#FF0066,false,true,5
347824,#00FFFF,#00CCFF,false,true,4
347825,#00FFFF,#FF0066,true,true,6
347826,#ADFF2F,#00CCFF,false,true,4
347827,#9370DB,#FF0066,true,true,6
347828,#00FFFF,#FF0066,false,true,6
347829,#ADFF2F,#00CCFF,false,true,4
347830,#ADFF2F,#00CCFF,false,true,4
347831,#9370DB,#FF0066,false,true,5
347832,#CC0033,#00CCFF,false,true,4
347833,#008080,#00CCFF,false,true,4
347834,#edebeb,#FF0066,false,true,6
347835,#ADFF2F,#FF0066,false,true,5
347836,#00FFFF,#00CCFF,false,true,4
347837,#FFA500,#FF0066,false,true,5
347838,#00FFFF,#FF0066,false,true,6
347839,#CC0033,#FF0066,false,true,6
347840,#008080,#00CCFF,false,true,4
347841,#ADFF2F,#00CCFF,false,true,4
347842,#00FFFF,#00CCFF,false,true,4
347843,#555555,#FF0066,false,true,6
347844,#FFA500,#FF0066,false,true,5
347845,#edebeb,#FF0066,false,true,5
347846,#00FFFF,#9900FF,false,true,3
347847,#CC0033,#FF0066,true,true,6
347848,#008080,#FF0066,false,true,6
347849,#008080,#00CCFF,false,true,4
347850,#FFA500,#FFFF00,false,true,4
347851,#FFA500,#00CCFF,false,true,4
347852,#555555,#00CCFF,false,true,4
347853,#555555,#00CCFF,false,true,5
347854,#555555,#00CCFF,false,true,4
347855,#edebeb,#00CCFF,false,true,4
347856,#ADFF2F,#00CCFF,false,true,4
347857,#008080,#00CCFF,false,true,3
347858,#FFA500,#9900FF,false,true,
347859,#9370DB,#FF0066,false,true,6
347860,#edebeb,#FF0066,false,true,6
347861,#555555,#FF0066,false,true,6
347862,#FFA500,#FF0066,false,true,5
347863,#555555,#FF0066,false,true,5
347864,#CC0033,#FF0066,false,true,6
347865,#CC0033,#00CCFF,false,true,5
347866,#FFA500,#FF0066,false,true,5
347867,#ADFF2F,#9900FF,false,true,4
347868,#008080,#9900FF,false,true,
347869,#CC0033,#FF0066,false,true,5
347870,#008080,#00CCFF,false,true,4
347871,#00FFFF,#9900FF,false,true,
347872,#9370DB,#00CCFF,false,true,4
347873,#edebeb,#00CCFF,false,true,4
347874,#edebeb,#FF0066,false,true,5
347875,#9370DB,#9900FF,false,true,
347876,#555555,#00CCFF,false,true,4
347877,#CC0033,#9900FF,false,true,3
347878,#edebeb,#9900FF,false,true,3
347879,#ADFF2F,#9900FF,false,true,3
347880,#CC0033,#00CCFF,false,true,4
347881,#ADFF2F,#9900FF,false,true,4
347882,#CC0033,#00CCFF,false,true,4
347883,#555555,#FF6600,false,true,
347884,#9370DB,#9900FF,false,true,3
347885,#ADFF2F,#FF0066,false,true,5
347886,#FFA500,#00CCFF,false,true,4
347887,#ADFF2F,#00CCFF,false,true,4
347888,#9370DB,#FF0066,false,true,6
347889,#9370DB,#00CCFF,false,true,3
347890,#9370DB,#00CCFF,false,true,4
347891,#CC0033,#00CCFF,false,true,4
347892,#008080,#9900FF,false,true,3
347893,#008080,#FF0066,false,true,5
347894,#CC0033,#FF0066,false,true,5
347895,#CC0033,#FF0066,false,true,5
347896,#edebeb,#FF0066,false,true,6
347897,#CC0033,#9900FF,false,true,
347898,#9370DB,#FF0066,false,true,6
347899,#ADFF2F,#FF0066,false,true,5
347900,#CC0033,#00CCFF,false,true,4
347901,#ADFF2F,#00CCFF,false,true,4
347902,#00FFFF,#FF0066,false,true,6
347903,#ADFF2F,#FF0066,false,true,5
347904,#CC0033,#FF0066,false,true,6
347905,#00FFFF,#00CCFF,false,true,4
347906,#00FFFF,#9900FF,false,true,4
347907,#555555,#FF0066,false,true,4
347908,#008080,#FF0066,false,true,5
347909,#ADFF2F,#00CCFF,false,true,4
347910,#008080,#FF0066,false,true,6
347911,#00FFFF,#00CCFF,false,true,4
347912,#555555,#9900FF,false,true,3
347913,#00FFFF,#00CCFF,false,true,4
347914,#00FFFF,#FF0066,false,true,5
347915,#CC0033,#00CCFF,false,true,5
347916,#9370DB,#FF0066,false,true,5
347917,#FFA500,#FF0066,false,true,6
347918,#00FFFF,#FF0066,false,true,5
347919,#ADFF2F,#FF0066,false,true,6
347920,#008080,#FF0066,false,true,6
347921,#ADFF2F,#FF0066,false,true,6
347922,#555555,#FF0066,false,true,5
347923,#9370DB,#9900FF,false,true,3
347924,#edebeb,#FF0066,false,true,5
347925,#edebeb,#FF0066,true,true,6
347926,#CC0033,#00CCFF,false,true,5
347927,#00FFFF,#FF0066,false,true,6
347928,#008080,#00CCFF,false,true,4
347929,#CC0033,#FF0066,false,true,5
347930,#edebeb,#FF0066,false,true,6
347931,#CC0033,#FF0066,false,true,6
347932,#00FFFF,#FF0066,false,true,5
347933,#CC0033,#00CCFF,false,true,4
347934,#FFA500,#FF0066,false,true,5
347935,#CC0033,#FF0066,false,true,6
347936,#ADFF2F,#FF0066,false,true,5
347937,#CC0033,#FF0066,false,true,5
347938,#008080,#FF0066,true,true,6
347939,#008080,#00CCFF,false,true,4
347940,#CC0033,#FF0066,false,true,6
347941,#ADFF2F,#FF0066,false,true,5
347942,#008080,#FF0066,false,true,5
347943,#ADFF2F,#FF0066,false,true,6
347944,#00FFFF,#FF0066,false,true,5
347945,#CC0033,#FF0066,false,true,6
347946,#00FFFF,#FF0066,false,true,5
347947,#00FFFF,#FF0066,false,true,6
347948,#FFA500,#FF0066,false,true,5
347949,#edebeb,#00CCFF,false,true,4
347950,#00FFFF,#9900FF,false,true,3
347951,#555555,#FF0066,false,true,5
347952,#ADFF2F,#FF0066,false,true,6
347953,#ADFF2F,#FF0066,false,true,6
347954,#008080,#FF0066,false,true,5
347955,#9370DB,#FF0066,true,true,6
347956,#555555,#00CCFF,false,true,4
347957,#008080,#FF0066,false,true,5
347958,#CC0033,#FF0066,false,true,5
347959,#CC0033,#00CCFF,false,true,4
347960,#edebeb,#00CCFF,false,true,4
347961,#9370DB,#FF0066,false,true,6
347962,#555555,#FF0066,false,true,5
347963,#ADFF2F,#FF0066,false,true,6
347964,#FFA500,#FF0066,false,true,6
347965,#FFA500,#FF0066,false,true,6
347966,#edebeb,#FF0066,false,true,5
347967,#9370DB,#FF0066,false,true,6
347968,#ADFF2F,#9900FF,false,true,3
347969,#ADFF2F,#00CCFF,false,true,4
347970,#555555,#00CCFF,false,true,4
347971,#FFA500,#FF0066,false,true,5
347972,#9370DB,#FF0066,false,true,6
347973,#9370DB,#FF0066,false,true,6
347974,#ADFF2F,#FF0066,false,true,6
347975,#FFA500,#FF0066,true,true,6
347976,#008080,#FF0066,false,true,5
347977,#9370DB,#FF0066,false,true,6
347978,#008080,#FF0066,false,true,5
347979,#ADFF2F,#00CCFF,false,true,4
347980,#008080,#FF0066,false,true,6
347981,#008080,#FF0066,false,true,6
347982,#CC0033,#00CCFF,false,true,4
347983,#008080,#FF0066,false,true,5
347984,#00FFFF,#FF0066,false,true,5
347985,#CC0033,#FF0066,false,true,5
347986,#CC0033,#FF0066,false,true,5
347987,#ADFF2F,#FF0066,false,true,5
347988,#555555,#00CCFF,false,true,4
347989,#edebeb,#FF0066,false,true,5
347990,#00FFFF,#00CCFF,false,true,4
347991,#9370DB,#FF0066,true,true,6
347992,#555555,#9900FF,false,true,3
347993,#CC0033,#00CCFF,false,true,5
347994,#00FFFF,#FF0066,false,true,5
347995,#00FFFF,#00CCFF,false,true,4
347996,#FFA500,#00CCFF,false,true,4
347997,#9370DB,#00CCFF,false,true,4
347998,#9370DB,#FF0066,false,true,5
347999,#008080,#00CCFF,false,true,4
348000,#edebeb,#FF0066,false,true,5
348001,#9370DB,#00CCFF,false,true,4
348002,#00FFFF,#00CCFF,false,true,4
348003,#008080,#FF0066,false,true,6
348004,#edebeb,#FF0066,false,true,5
348005,#CC0033,#FF0066,false,true,5
348006,#ADFF2F,#FF0066,false,true,5
348007,#FFA500,#FF0066,false,true,6
348008,#00FFFF,#FF0066,true,true,6
348009,#FFA500,#FF0066,false,true,6
348010,#9370DB,#FF0066,true,true,6
348011,#FFA500,#00CCFF,false,true,4
348012,#FFA500,#00CCFF,false,true,4
348013,#ADFF2F,#00CCFF,false,true,4
348014,#edebeb,#FF0066,false,true,6
348015,#008080,#9900FF,false,true,3
348016,#555555,#00CCFF,false,true,4
348017,#9370DB,#FF0066,false,true,5
348018,#555555,#FF0066,false,true,5
348019,#CC0033,#FF0066,false,true,5
348020,#CC0033,#00CCFF,false,true,4
348021,#9370DB,#9900FF,false,true,
348022,#008080,#9900FF,false,true,4
348023,#CC0033,#00CCFF,false,true,4
348024,#9370DB,#9900FF,false,true,
348025,#00FFFF,#00CCFF,false,true,4
348026,#00FFFF,#9900FF,false,true,3
348027,#FFA500,#00CCFF,false,true,4
348028,#00FFFF,#00CCFF,false,true,4
348029,#9370DB,#FF0066,false,true,5
348030,#CC0033,#9900FF,false,true,3
348031,#CC0033,#FF0066,false,true,5
348032,#9370DB,#FF0066,false,true,6
348033,#FFA500,#FF0066,false,true,6
348034,#CC0033,#9900FF,false,true,
348035,#edebeb,#00CCFF,false,true,4
348036,#FFA500,#00CCFF,false,true,4
348037,#555555,#00CCFF,false,true,4
348038,#edebeb,#FF0066,false,true,6
348039,#FFA500,#FF0066,false,true,6
348040,#9370DB,#9900FF,false,true,3
348041,#9370DB,#00CCFF,false,true,4
348042,#555555,#00CCFF,false,true,4
348043,#edebeb,#FF0066,false,true,5
348044,#edebeb,#FF0066,true,true,6
348045,#00FFFF,#9900FF,false,true,
348046,#ADFF2F,#00CCFF,false,true,4
348047,#ADFF2F,#00CCFF,false,true,4
348048,#008080,#9900FF,false,true,
348049,#edebeb,#9900FF,false,true,3
348050,#ADFF2F,#9900FF,false,true,3
348051,#CC0033,#00CCFF,false,true,4
348052,#00FFFF,#9900FF,false,true,4
348053,#00FFFF,#FF6600,false,true,5
348054,#FFA500,#FF0066,false,true,5
348055,#9370DB,#FF0066,true,true,6
348056,#FFA500,#00CCFF,false,true,4
348057,#CC0033,#00CCFF,false,true,4
348058,#9370DB,#FF0066,false,true,6
348059,#9370DB,#FF0066,false,true,6
348060,#555555,#FF0066,false,true,5
348061,#555555,#FF0066,false,true,6
348062,#008080,#FF0066,false,true,6
348063,#CC0033,#FF0066,false,true,6
348064,#00FFFF,#FF0066,false,true,6
348065,#edebeb,#FF0066,false,true,6
348066,#00FFFF,#FF0066,false,true,5
348067,#edebeb,#00CCFF,false,true,4
348068,#CC0033,#FF0066,false,true,5
348069,#9370DB,#FF0066,false,true,6
348070,#ADFF2F,#FF0066,false,true,5
348071,#FFA500,#00CCFF,false,true,4
348072,#9370DB,#00CCFF,false,true,4
348073,#008080,#FF0066,false,true,6
348074,#00FFFF,#00CCFF,false,true,4
348075,#edebeb,#FF0066,false,true,6
348076,#00FFFF,#FF0066,false,true,5
348077,#FFA500,#FF0066,false,true,5
348078,#CC0033,#FF0066,false,true,6
348079,#CC0033,#FF0066,false,true,6
348080,#ADFF2F,#FF0066,false,true,6
348081,#FFA500,#FF0066,false,true,5
348082,#edebeb,#00CCFF,false,true,4
348083,#008080,#FF0066,false,true,6
348084,#FFA500,#FF0066,false,true,6
348085,#9370DB,#FF0066,true,true,6
348086,#00FFFF,#FF0066,false,true,5
348087,#9370DB,#FF0066,false,true,5
348088,#edebeb,#00CCFF,false,true,4
348089,#CC0033,#FF0066,false,true,5
348090,#008080,#FF0066,false,true,5
348091,#FFA500,#FF0066,false,true,6
348092,#ADFF2F,#FF0066,true,true,6
348093,#008080,#FF0066,false,true,5
348094,#008080,#FF0066,false,true,6
348095,#9370DB,#FF0066,false,true,5
348096,#edebeb,#00CCFF,false,true,5
348097,#FFA500,#FF0066,false,true,6
348098,#ADFF2F,#FF0066,false,true,5
348099,#9370DB,#9900FF,false,true,4
348100,#9370DB,#FF0066,false,true,5
348101,#FFA500,#FF0066,false,true,6
348102,#008080,#FF0066,false,true,5
348103,#008080,#FF0066,false,true,5
348104,#ADFF2F,#FF0066,false,true,6
348105,#9370DB,#FF0066,false,true,5
348106,#CC0033,#FF0066,true,true,6
348107,#00FFFF,#FF0066,true,true,6
348108,#edebeb,#00CCFF,false,true,4
348109,#555555,#FF0066,true,true,6
348110,#ADFF2F,#FF0066,true,true,6
348111,#FFA500,#FF0066,false,true,6
348112,#CC0033,#FF0066,false,true,5
348113,#555555,#FF0066,false,true,5
348114,#008080,#9900FF,false,true,4
348115,#555555,#FF0066,true,true,6
348116,#555555,#FF0066,false,true,5
348117,#CC0033,#FF0066,false,true,6
348118,#008080,#FF0066,false,true,6
348119,#CC0033,#00CCFF,false,true,4
348120,#ADFF2F,#FF0066,false,true,5
348121,#CC0033,#00CCFF,false,true,4
348122,#9370DB,#FF0066,false,true,6
348123,#008080,#FF0066,false,true,5
348124,#008080,#00CCFF,false,true,4
348125,#00FFFF,#00CCFF,false,true,4
348126,#00FFFF,#00CCFF,false,true,5
348127,#edebeb,#FF0066,false,true,5
348128,#FFA500,#00CCFF,false,true,4
348129,#ADFF2F,#FF0066,false,true,6
348130,#008080,#FF0066,false,true,6
348131,#ADFF2F,#9900FF,false,true,3
348132,#9370DB,#FF6600,false,true,
348133,#9370DB,#00CCFF,false,true,4
348134,#FFA500,#9900FF,false,true,3
348135,#ADFF2F,#00CCFF,false,true,4
348136,#ADFF2F,#FF0066,false,true,6
348137,#555555,#00CCFF,false,true,4
348138,#555555,#00CCFF,false,true,5
348139,#CC0033,#FF0066,false,true,5
348140,#FFA500,#FF0066,false,true,6
348141,#edebeb,#FF0066,false,true,5
348142,#FFA500,#FF0066,false,true,6
348143,#CC0033,#FF0066,false,true,6
348144,#555555,#FF0066,false,true,5
348145,#008080,#00CCFF,false,true,4
348146,#edebeb,#00CCFF,false,true,4
348147,#edebeb,#00CCFF,false,true,4
348148,#ADFF2F,#FF0066,false,true,5
348149,#edebeb,#9900FF,false,true,4
348150,#9370DB,#FF0066,false,true,6
348151,#CC0033,#9900FF,false,true,3
348152,#555555,#9900FF,false,true,3
348153,#edebeb,#9900FF,false,true,3
348154,#FFA500,#FF0066,false,true,6
348155,#edebeb,#FF0066,false,true,6
348156,#555555,#FF0066,false,true,5
348157,#edebeb,#00CCFF,false,true,4
348158,#ADFF2F,#FF0066,false,true,5
348159,#FFA500,#FF0066,false,true,5
348160,#00FFFF,#FF0066,false,true,6
348161,#edebeb,#FF0066,true,true,6
348162,#FFA500,#00CCFF,false,true,5
348163,#555555,#00CCFF,false,true,4
348164,#555555,#00CCFF,false,true,4
348165,#555555,#9900FF,false,true,4
348166,#edebeb,#00CCFF,false,true,4
348167,#ADFF2F,#00CCFF,false,true,4
348168,#ADFF2F,#9900FF,false,true,4
348169,#008080,#FF0066,false,true,5
348170,#9370DB,#00CCFF,false,true,4
348171,#555555,#FF0066,false,true,5
348172,#008080,#00CCFF,false,true,6
348173,#00FFFF,#00CCFF,false,true,5
348174,#00FFFF,#00CCFF,false,true,4
348175,#9370DB,#FF0066,true,true,6
348176,#555555,#FF6600,false,true,
348177,#008080,#FF0066,false,true,6
348178,#edebeb,#FF0066,false,true,6
348179,#FFA500,#FF0066,false,true,6
348180,#ADFF2F,#00CCFF,false,true,4
348181,#008080,#9900FF,false,true,
348182,#9370DB,#FF0066,false,true,5
348183,#CC0033,#00CCFF,false,true,4
348184,#CC0033,#00CCFF,false,true,5
348185,#CC0033,#00CCFF,false,true,5
348186,#008080,#FF0066,false,true,5
348187,#CC0033,#FF0066,false,true,5
348188,#008080,#FF0066,true,true,6
348189,#ADFF2F,#00CCFF,false,true,4
348190,#ADFF2F,#00CCFF,false,true,4
348191,#CC0033,#FF0066,false,true,6
348192,#00FFFF,#00CCFF,false,true,5
348193,#555555,#FF0066,false,true,6
348194,#FFA500,#FF0066,false,true,6
348195,#9370DB,#FF0066,false,true,6
348196,#edebeb,#FF0066,false,true,6
348197,#edebeb,#FF0066,false,true,5
348198,#555555,#00CCFF,false,true,4
348199,#CC0033,#FF0066,false,true,5
348200,#555555,#9900FF,false,true,
348201,#FFA500,#FF0066,false,true,5
348202,#008080,#FF0066,false,true,6
348203,#00FFFF,#FF0066,false,true,6
348204,#FFA500,#00CCFF,false,true,4
348205,#FFA500,#FF0066,false,true,6
348206,#555555,#00CCFF,false,true,4
348207,#555555,#FF0066,false,true,6
348208,#CC0033,#FF0066,false,true,6
348209,#9370DB,#FF0066,false,true,6
348210,#9370DB,#FF0066,true,true,6
348211,#008080,#00CCFF,false,true,4
348212,#edebeb,#00CCFF,false,true,4
348213,#555555,#FF0066,true,true,6
348214,#9370DB,#9900FF,false,true,3
348215,#008080,#00CCFF,false,true,5
348216,#edebeb,#00CCFF,false,true,5
348217,#FFA500,#FF0066,false,true,6
348218,#00FFFF,#FF0066,false,true,5
348219,#edebeb,#FF0066,false,true,6
348220,#ADFF2F,#9900FF,false,true,4
348221,#00FFFF,#9900FF,false,true,4
348222,#ADFF2F,#00CCFF,false,true,4
348223,#CC0033,#00CCFF,false,true,4
348224,#9370DB,#FF0066,false,true,6
348225,#FFA500,#FF0066,false,true,6
348226,#FFA500,#00CCFF,false,true,4
348227,#edebeb,#9900FF,false,true,3
348228,#008080,#00CCFF,false,true,4
348229,#00FFFF,#FF0066,false,true,5
348230,#edebeb,#FF0066,true,true,6
348231,#CC0033,#FF0066,true,true,6
348232,#CC0033,#FF0066,false,true,6
348233,#555555,#00CCFF,false,true,5
348234,#edebeb,#FF0066,false,true,5
348235,#00FFFF,#FF0066,false,true,6
348236,#FFA500,#FF0066,false,true,6
348237,#008080,#FF0066,false,true,6
348238,#00FFFF,#FF0066,false,true,6
348239,#00FFFF,#FF0066,false,true,5
348240,#00FFFF,#FF0066,false,true,5
348241,#555555,#FF0066,false,true,5
348242,#CC0033,#FF0066,true,true,6
348243,#ADFF2F,#FF0066,false,true,5
348244,#FFA500,#FF0066,false,true,5
348245,#ADFF2F,#FF0066,false,true,6
348246,#FFA500,#00CCFF,false,true,4
348247,#00FFFF,#FF0066,false,true,5
348248,#FFA500,#FF0066,true,true,6
348249,#FFA500,#FF0066,false,true,5
348250,#555555,#FF0066,false,true,6
348251,#00FFFF,#FF0066,true,true,6
348252,#ADFF2F,#00CCFF,false,true,4
348253,#FFA500,#00CCFF,false,true,4
348254,#9370DB,#FF0066,true,true,6
348255,#008080,#00CCFF,false,true,5
348256,#CC0033,#FF0066,false,true,6
348257,#008080,#FF0066,false,true,5
348258,#555555,#FF0066,false,true,5
348259,#555555,#FF0066,false,true,5
348260,#00FFFF,#FF0066,false,true,5
348261,#9370DB,#FF0066,false,true,6
348262,#ADFF2F,#FF0066,true,true,6
348263,#555555,#FF0066,false,true,6
348264,#555555,#FF0066,true,true,6
348265,#008080,#FF0066,false,true,5
348266,#edebeb,#FF0066,false,true,6
348267,#555555,#FF0066,false,true,5
348268,#ADFF2F,#FF0066,false,true,5
348269,#FFA500,#FF0066,false,true,4
348270,#CC0033,#FF0066,false,true,6
348271,#555555,#9900FF,false,true,3
348272,#008080,#FF0066,false,true,6
348273,#00FFFF,#9900FF,false,true,3
348274,#008080,#00CCFF,false,true,5
348275,#00FFFF,#FF0066,false,true,6
348276,#CC0033,#9900FF,false,true,3
348277,#FFA500,#9900FF,false,true,3
348278,#edebeb,#FF0066,false,true,5
348279,#555555,#00CCFF,false,true,3
348280,#edebeb,#9900FF,false,true,3
348281,#9370DB,#00CCFF,false,true,4
348282,#555555,#00CCFF,false,true,4
348283,#008080,#9900FF,false,true,4
348284,#555555,#00CCFF,false,true,5
348285,#00FFFF,#00CCFF,false,true,4
348286,#00FFFF,#FF0066,false,true,5
348287,#ADFF2F,#00CCFF,false,true,4
348288,#9370DB,#FF0066,false,true,6
348289,#555555,#00CCFF,false,true,4
348290,#008080,#FF0066,false,true,6
348291,#FFA500,#FF0066,false,true,6
348292,#ADFF2F,#00CCFF,false,true,4
348293,#008080,#00CCFF,false,true,4
348294,#00FFFF,#9900FF,false,true,4
348295,#9370DB,#00CCFF,false,true,4
348296,#ADFF2F,#00CCFF,false,true,5
348297,#CC0033,#FF0066,false,true,4
348298,#555555,#9900FF,false,true,3
348299,#FFA500,#00CCFF,false,true,4
348300,#00FFFF,#FF0066,false,true,6
348301,#FFA500,#00CCFF,false,true,4
348302,#555555,#00CCFF,false,true,4
348303,#edebeb,#FFFF00,false,true,
348304,#FFA500,#00CCFF,false,true,5
348305,#ADFF2F,#00CCFF,false,true,6
348306,#ADFF2F,#00CCFF,false,true,4
348307,#9370DB,#00CCFF,false,true,4
348308,#edebeb,#9900FF,false,true,4
348309,#00FFFF,#FF0066,false,true,5
348310,#008080,#00CCFF,false,true,4
348311,#edebeb,#00CCFF,false,true,4
348312,#00FFFF,#FF0066,true,true,6
348313,#ADFF2F,#FF0066,true,true,6
348314,#555555,#FF0066,false,true,6
348315,#00FFFF,#FF0066,false,true,6
348316,#ADFF2F,#00CCFF,false,true,4
348317,#555555,#FF0066,false,true,5
348318,#ADFF2F,#FF6600,false,true,3
348319,#FFA500,#00CCFF,false,true,4
348320,#00FFFF,#00CCFF,false,true,4
348321,#ADFF2F,#9900FF,false,true,3
348322,#555555,#9900FF,false,true,3
348323,#CC0033,#00CCFF,false,true,4
348324,#555555,#00CCFF,false,true,4
348325,#FFA500,#00CCFF,false,true,5
348326,#008080,#00CCFF,false,true,4
348327,#FFA500,#FF0066,false,true,5
348328,#555555,#FFFF00,false,true,
348329,#FFA500,#00CCFF,false,true,4
348330,#555555,#00CCFF,false,true,4
348331,#00FFFF,#00CCFF,false,true,4
348332,#FFA500,#00CCFF,false,true,5
348333,#FFA500,#FF0066,false,true,6
348334,#008080,#9900FF,false,true,4
348335,#00FFFF,#00CCFF,false,true,4
348336,#555555,#9900FF,false,true,4
348337,#00FFFF,#00CCFF,false,true,4
348338,#555555,#FF0066,false,true,5
348339,#9370DB,#00CCFF,false,true,4
348340,#FFA500,#FF0066,false,true,4
348341,#FFA500,#FF0066,false,true,6
348342,#008080,#FF0066,false,true,5
348343,#CC0033,#FF0066,false,true,6
348344,#008080,#FF0066,true,true,6
348345,#edebeb,#FF0066,false,true,5
348346,#008080,#9900FF,false,true,3
348347,#008080,#FF0066,false,true,5
348348,#CC0033,#FF0066,false,true,5
348349,#008080,#FF0066,false,true,5
348350,#edebeb,#FF0066,false,true,5
348351,#edebeb,#FF0066,false,true,5
348352,#00FFFF,#00CCFF,false,true,6
348353,#ADFF2F,#FF0066,false,true,6
348354,#FFA500,#00CCFF,false,true,4
348355,#00FFFF,#00CCFF,false,true,4
348356,#9370DB,#00CCFF,false,true,4
348357,#FFA500,#00CCFF,false,true,4
348358,#008080,#00CCFF,false,true,4
348359,#008080,#FF0066,false,true,5
348360,#00FFFF,#9900FF,false,true,
348361,#edebeb,#00CCFF,false,true,5
348362,#9370DB,#FF0066,false,true,6
348363,#ADFF2F,#FF0066,false,true,5
348364,#FFA500,#00CCFF,false,true,4
348365,#555555,#FF0066,false,true,5
348366,#9370DB,#FF0066,false,true,4
348367,#ADFF2F,#FF0066,false,true,6
348368,#ADFF2F,#FF0066,false,true,6
348369,#ADFF2F,#FF0066,false,true,5
348370,#00FFFF,#FF0066,false,true,6
348371,#9370DB,#FF0066,false,true,6
348372,#ADFF2F,#FF0066,false,true,6
348373,#00FFFF,#FF0066,false,true,6
348374,#9370DB,#00CCFF,false,true,4
348375,#008080,#FF0066,false,true,5
348376,#CC0033,#FF0066,false,true,5
348377,#ADFF2F,#00CCFF,false,true,4
348378,#edebeb,#FF0066,false,true,5
348379,#FFA500,#FF0066,false,true,5
348380,#edebeb,#FF0066,false,true,6
348381,#555555,#FF0066,true,true,6
348382,#555555,#FF0066,true,true,6
348383,#ADFF2F,#FF0066,false,true,6
348384,#CC0033,#9900FF,false,true,3
348385,#edebeb,#FF0066,false,true,5
348386,#CC0033,#FF0066,false,true,5
348387,#ADFF2F,#FF0066,false,true,5
348388,#edebeb,#FF0066,false,true,6
348389,#edebeb,#FF0066,false,true,6
348390,#9370DB,#FF0066,true,true,6
348391,#CC0033,#FF0066,false,true,5
348392,#FFA500,#FF0066,false,true,5
348393,#edebeb,#FF0066,false,true,6
348394,#008080,#FF0066,true,true,6
348395,#edebeb,#00CCFF,false,true,4
348396,#008080,#00CCFF,false,true,4
348397,#ADFF2F,#00CCFF,false,true,4
348398,#555555,#00CCFF,false,true,4
348399,#edebeb,#00CCFF,false,true,4
348400,#9370DB,#FF0066,false,true,6
348401,#9370DB,#00CCFF,false,true,4
348402,#ADFF2F,#FF0066,true,true,6
348403,#00FFFF,#FF0066,false,true,6
348404,#ADFF2F,#00CCFF,false,true,5
348405,#CC0033,#FF0066,false,true,5
348406,#9370DB,#00CCFF,false,true,4
348407,#FFA500,#00CCFF,false,true,4
348408,#00FFFF,#FF0066,false,true,6
348409,#FFA500,#FF0066,false,true,6
348410,#555555,#FF0066,false,true,6
348411,#FFA500,#00CCFF,false,true,3
348412,#9370DB,#00CCFF,false,true,4
348413,#008080,#FF0066,false,true,6
348414,#CC0033,#FF0066,false,true,5
348415,#555555,#FF0066,false,true,5
348416,#00FFFF,#FF0066,false,true,5
348417,#edebeb,#FF0066,true,true,6
348418,#00FFFF,#00CCFF,false,true,4
348419,#555555,#FF0066,false,true,5
348420,#008080,#FF0066,true,true,6
348421,#CC0033,#FF0066,false,true,6
348422,#FFA500,#FF0066,false,true,5
348423,#555555,#00CCFF,false,true,5
348424,#00FFFF,#00CCFF,false,true,4
348425,#008080,#FF0066,false,true,5
348426,#555555,#00CCFF,false,true,5
348427,#9370DB,#9900FF,false,true,
348428,#CC0033,#FF0066,false,true,5
348429,#FFA500,#FF0066,false,true,5
348430,#CC0033,#00CCFF,false,true,4
348431,#00FFFF,#9900FF,false,true,
348432,#008080,#FF0000,false,true,3
348433,#FFA500,#FF0000,false,true,4
348434,#008080,#FF0066,false,true,5
348435,#FFA500,#00CCFF,false,true,4
348436,#FFA500,#00CCFF,false,true,4
348437,#FFA500,#9900FF,false,true,4
348438,#CC0033,#FF0066,false,true,6
348439,#CC0033,#FF0066,false,true,5
348440,#FFA500,#FF6600,false,true,4
348441,#ADFF2F,#00CCFF,false,true,4
348442,#edebeb,#FF0066,false,true,6
348443,#FFA500,#FF0066,false,true,5
348444,#FFA500,#FF0066,false,true,4
348445,#00FFFF,#FF0066,false,true,5
348446,#008080,#00CCFF,false,true,4
348447,#008080,#00CCFF,false,true,4
348448,#edebeb,#FF0066,false,true,6
348449,#555555,#9900FF,false,true,4
348450,#CC0033,#FF0066,false,true,6
348451,#FFA500,#FF0066,false,true,5
348452,#FFA500,#9900FF,false,true,3
348453,#9370DB,#FF0066,false,true,5
348454,#00FFFF,#00CCFF,false,true,4
348455,#FFA500,#00CCFF,false,true,4
348456,#008080,#00CCFF,false,true,3
348457,#CC0033,#9900FF,false,true,3
348458,#00FFFF,#9900FF,false,true,3
348459,#555555,#FF0066,false,true,5
348460,#ADFF2F,#00CCFF,false,true,4
348461,#FFA500,#FF0066,false,true,4
348462,#008080,#FF0066,false,true,6
348463,#FFA500,#9900FF,false,true,4
348464,#FFA500,#FF0066,false,true,5
348465,#008080,#9900FF,false,true,3
348466,#CC0033,#9900FF,false,true,4
348467,#00FFFF,#00CCFF,false,true,4
348468,#008080,#00CCFF,false,true,4
348469,#CC0033,#9900FF,false,true,
348470,#555555,#9900FF,false,true,3
348471,#edebeb,#FF0066,true,true,6
348472,#008080,#00CCFF,false,true,4
348473,#555555,#00CCFF,false,true,4
348474,#CC0033,#9900FF,false,true,4
348475,#9370DB,#9900FF,false,true,4
348476,#008080,#FF0066,false,true,4
348477,#edebeb,#FF0066,false,true,6
348478,#00FFFF,#FF0066,false,true,5
348479,#555555,#FF0066,false,true,6
348480,#edebeb,#FF0066,true,true,6
348481,#edebeb,#00CCFF,false,true,4
348482,#555555,#FF0066,false,true,5
348483,#00FFFF,#00CCFF,false,true,4
348484,#9370DB,#9900FF,false,true,3
348485,#FFA500,#FF0066,false,true,6
348486,#9370DB,#00CCFF,false,true,3
348487,#9370DB,#FF0066,false,true,6
348488,#008080,#FF0066,false,true,6
348489,#FFA500,#FF0066,true,true,6
348490,#ADFF2F,#FF0066,false,true,6
348491,#555555,#FF0066,false,true,6
348492,#9370DB,#FF0066,true,true,6
348493,#CC0033,#9900FF,false,true,
348494,#008080,#FF0066,false,true,5
348495,#9370DB,#FF0066,false,true,5
348496,#008080,#FF0066,false,true,6
348497,#555555,#FF0066,false,true,6
348498,#FFA500,#FF0066,true,true,6
348499,#008080,#FF0066,false,true,6
348500,#9370DB,#FF0066,true,true,6
348501,#ADFF2F,#00CCFF,false,true,4
348502,#00FFFF,#FF0066,true,true,6
348503,#edebeb,#00CCFF,false,true,4
348504,#00FFFF,#FF0066,false,true,6
348505,#edebeb,#FF0066,false,true,4
348506,#ADFF2F,#00CCFF,false,true,4
348507,#FFA500,#FF0066,false,true,5
348508,#555555,#FF0066,true,true,6
348509,#ADFF2F,#00CCFF,false,true,4
348510,#008080,#00CCFF,false,true,4
348511,#555555,#FF0066,false,true,6
348512,#edebeb,#FF0066,false,true,5
348513,#555555,#FF0066,false,true,5
348514,#edebeb,#FF0066,false,true,6
348515,#9370DB,#FF0066,false,true,6
348516,#FFA500,#FF0066,true,true,6
348517,#ADFF2F,#FF0066,false,true,6
348518,#9370DB,#FF0066,false,true,5
348519,#008080,#FF0066,true,true,6
348520,#008080,#00CCFF,false,true,4
348521,#008080,#00CCFF,false,true,4
348522,#edebeb,#FF0066,false,true,6
348523,#9370DB,#FF0066,false,true,5
348524,#FFA500,#FF0066,false,true,6
348525,#edebeb,#FF0066,false,true,5
348526,#00FFFF,#FF0066,false,true,5
348527,#008080,#00CCFF,false,true,4
348528,#00FFFF,#FF0066,true,true,6
348529,#555555,#FF0066,false,true,6
348530,#00FFFF,#FF0066,false,true,5
348531,#edebeb,#FF0066,false,true,6
348532,#ADFF2F,#9900FF,false,true,3
348533,#FFA500,#FF0066,false,true,6
348534,#00FFFF,#FF0066,true,true,6
348535,#00FFFF,#FF0066,false,true,6
348536,#CC0033,#FF0066,false,true,6
348537,#9370DB,#FF0066,true,true,6
348538,#CC0033,#00CCFF,false,true,4
348539,#9370DB,#FF0066,true,true,6
348540,#9370DB,#FF0066,false,true,6
348541,#555555,#FF0066,false,true,4
348542,#ADFF2F,#FF0066,false,true,5
348543,#ADFF2F,#00CCFF,false,true,4
348544,#FFA500,#FF0066,false,true,6
348545,#CC0033,#FF0066,true,true,6
348546,#00FFFF,#00CCFF,false,true,4
348547,#edebeb,#FF0066,false,true,6
348548,#9370DB,#FF0066,false,true,6
348549,#9370DB,#FF0066,false,true,6
348550,#00FFFF,#FF0066,false,true,5
348551,#555555,#FF0066,false,true,6
348552,#FFA500,#FF0066,false,true,5
348553,#008080,#00CCFF,false,true,4
348554,#555555,#9900FF,false,true,3
348555,#edebeb,#FF0066,false,true,5
348556,#00FFFF,#FF0066,false,true,5
348557,#008080,#FF0066,false,true,6
348558,#FFA500,#9900FF,false,true,3
348559,#ADFF2F,#FF0066,false,true,4
348560,#CC0033,#FF0066,false,true,6
348561,#CC0033,#FF0066,false,true,6
348562,#00FFFF,#FF0066,false,true,6
348563,#edebeb,#00CCFF,false,true,5
348564,#008080,#00CCFF,false,true,4
348565,#edebeb,#00CCFF,false,true,4
348566,#CC0033,#FF0066,false,true,6
348567,#9370DB,#9900FF,false,true,4
348568,#ADFF2F,#FF0066,false,true,5
348569,#CC0033,#FF0066,false,true,5
348570,#008080,#00CCFF,false,true,5
348571,#CC0033,#FF0066,false,true,6
348572,#008080,#FF6600,false,true,
348573,#FFA500,#00CCFF,false,true,4
348574,#FFA500,#FF0066,false,true,5
348575,#edebeb,#FF0066,false,true,6
348576,#00FFFF,#00CCFF,false,true,4
348577,#555555,#00CCFF,false,true,4
348578,#ADFF2F,#FF0066,false,true,5
348579,#ADFF2F,#9900FF,false,true,3
348580,#00FFFF,#FF0066,false,true,5
348581,#00FFFF,#00CCFF,false,true,4
348582,#CC0033,#9900FF,false,true,4
348583,#00FFFF,#FF0066,false,true,6
348584,#ADFF2F,#FF0066,false,true,5
348585,#ADFF2F,#FF0066,false,true,6
348586,#edebeb,#00CCFF,false,true,5
348587,#edebeb,#9900FF,false,true,4
348588,#9370DB,#00CCFF,false,true,4
348589,#008080,#FF0066,true,true,6
348590,#FFA500,#FF0066,false,true,5
348591,#FFA500,#FF0066,false,true,5
348592,#008080,#FF0066,false,true,5
348593,#edebeb,#00CCFF,false,true,4
348594,#CC0033,#FF0066,false,true,5
348595,#edebeb,#FF0066,true,true,6
348596,#ADFF2F,#FF0066,false,true,5
348597,#ADFF2F,#00CCFF,false,true,4
348598,#ADFF2F,#FF0066,false,true,5
348599,#555555,#00CCFF,false,true,4
348600,#9370DB,#FF0066,false,true,5
348601,#555555,#FF0066,true,true,6
348602,#FFA500,#FF0066,false,true,5
348603,#CC0033,#9900FF,false,true,3
348604,#00FFFF,#00CCFF,false,true,4
348605,#00FFFF,#9900FF,false,true,
348606,#555555,#00CCFF,false,true,4
348607,#ADFF2F,#FF0066,false,true,5
348608,#00FFFF,#FF0066,false,true,5
348609,#edebeb,#FF0066,false,true,6
348610,#00FFFF,#FF0066,false,true,5
348611,#00FFFF,#00CCFF,false,true,4
348612,#9370DB,#FF0066,false,true,5
348613,#00FFFF,#FF0066,false,true,6
348614,#FFA500,#FF0066,false,true,5
348615,#9370DB,#9900FF,false,true,4
348616,#ADFF2F,#00CCFF,false,true,4
348617,#FFA500,#FF0066,false,true,5
348618,#9370DB,#FF0066,false,true,6
348619,#edebeb,#FF0066,false,true,6
348620,#008080,#FF0066,false,true,6
348621,#edebeb,#FF0066,false,true,5
348622,#FFA500,#FF0066,true,true,6
348623,#00FFFF,#FF0066,false,true,5
348624,#ADFF2F,#00CCFF,false,true,4
348625,#008080,#FF0066,false,true,6
348626,#CC0033,#FF0066,true,true,6
348627,#edebeb,#00CCFF,false,true,4
348628,#ADFF2F,#9900FF,false,true,
348629,#FFA500,#FF0066,false,true,6
348630,#FFA500,#9900FF,false,true,3
348631,#ADFF2F,#FF0066,false,true,4
348632,#CC0033,#FF0066,false,true,5
348633,#00FFFF,#FF0066,false,true,5
348634,#9370DB,#9900FF,false,true,3
348635,#edebeb,#00CCFF,false,true,4
348636,#CC0033,#FF0066,true,true,6
348637,#CC0033,#00CCFF,false,true,4
348638,#008080,#FF0066,false,true,6
348639,#9370DB,#FF0066,false,true,6
348640,#FFA500,#00CCFF,false,true,4
348641,#FFA500,#FF0066,false,true,5
348642,#9370DB,#9900FF,false,true,4
348643,#9370DB,#00CCFF,false,true,4
348644,#edebeb,#FF0066,false,true,4
348645,#ADFF2F,#FF0066,false,true,4
348646,#00FFFF,#FF0066,false,true,5
348647,#ADFF2F,#00CCFF,false,true,4
348648,#ADFF2F,#00CCFF,false,true,4
348649,#ADFF2F,#FF0066,false,true,5
348650,#00FFFF,#FF0066,false,true,6
348651,#00FFFF,#FF0066,false,true,5
348652,#edebeb,#FF0066,false,true,5
348653,#555555,#00CCFF,false,true,4
348654,#edebeb,#FF0066,false,true,6
348655,#008080,#FF0066,false,true,6
348656,#008080,#FF0066,false,true,6
348657,#FFA500,#FF0066,false,true,6
348658,#edebeb,#FF0066,true,true,6
348659,#00FFFF,#FF0066,false,true,5
348660,#CC0033,#FF0066,true,true,6
348661,#edebeb,#FF0066,false,true,5
348662,#FFA500,#00CCFF,false,true,4
348663,#FFA500,#FF0066,false,true,6
348664,#FFA500,#FF0066,false,true,5
348665,#008080,#FF0066,false,true,6
348666,#555555,#FF0066,true,true,6
348667,#ADFF2F,#00CCFF,false,true,4
348668,#ADFF2F,#00CCFF,false,true,4
348669,#edebeb,#00CCFF,false,true,4
348670,#CC0033,#00CCFF,false,true,4
348671,#FFA500,#FF0066,false,true,5
348672,#555555,#FF0066,false,true,5
348673,#555555,#FF0066,false,true,6
348674,#CC0033,#00CCFF,false,true,4
348675,#008080,#FF0066,false,true,5
348676,#CC0033,#FF0066,false,true,6
348677,#FFA500,#FF0066,false,true,6
348678,#FFA500,#FF0066,false,true,6
348679,#00FFFF,#FF0066,false,true,6
348680,#008080,#FF0066,true,true,6
348681,#FFA500,#FF0066,false,true,5
348682,#9370DB,#FF0066,false,true,5
348683,#008080,#FF0066,false,true,5
348684,#ADFF2F,#FF0066,false,true,6
348685,#CC0033,#FF0066,false,true,5
348686,#edebeb,#FF0066,false,true,5
348687,#00FFFF,#FF0066,false,true,5
348688,#FFA500,#FF0066,false,true,5
348689,#9370DB,#FF0066,false,true,6
348690,#555555,#00CCFF,false,true,4
348691,#FFA500,#00CCFF,false,true,4
348692,#9370DB,#FF0066,false,true,5
348693,#FFA500,#FF0066,false,true,6
348694,#FFA500,#FF0066,false,true,5
348695,#FFA500,#00CCFF,false,true,4
348696,#edebeb,#FF0066,false,true,5
348697,#edebeb,#FF0066,false,true,6
348698,#ADFF2F,#FF0066,false,true,6
348699,#ADFF2F,#FF0066,false,true,6
348700,#00FFFF,#FF0066,false,true,6
348701,#FFA500,#9900FF,false,true,3
348702,#FFA500,#FF0066,false,true,5
348703,#FFA500,#00CCFF,false,true,4
348704,#555555,#FF0066,true,true,6
348705,#edebeb,#00CCFF,false,true,4
348706,#CC0033,#FF0066,false,true,6
348707,#FFA500,#FF0066,true,true,6
348708,#9370DB,#FF0066,false,true,6
348709,#edebeb,#FF0066,false,true,6
348710,#008080,#FF0066,false,true,5
348711,#edebeb,#00CCFF,false,true,4
348712,#FFA500,#FF0066,false,true,5
348713,#CC0033,#9900FF,false,true,3
348714,#FFA500,#00CCFF,false,true,5
348715,#9370DB,#FF0066,false,true,6
348716,#008080,#FF0066,false,true,6
348717,#ADFF2F,#FF0066,false,true,5
348718,#008080,#00CCFF,false,true,4
348719,#CC0033,#00CCFF,false,true,4
348720,#9370DB,#00CCFF,false,true,5
348721,#edebeb,#FF0066,false,true,5
348722,#008080,#FF0066,true,true,6
348723,#00FFFF,#FF0066,false,true,6
348724,#FFA500,#00CCFF,false,true,4
348725,#9370DB,#FF0066,false,true,5
348726,#edebeb,#FF0066,false,true,5
348727,#edebeb,#00CCFF,false,true,4
348728,#FFA500,#FF0066,false,true,6
348729,#edebeb,#9900FF,false,true,3
348730,#00FFFF,#00CCFF,false,true,4
348731,#008080,#FF0066,false,true,4
348732,#ADFF2F,#9900FF,false,true,3
348733,#9370DB,#00CCFF,false,true,5
348734,#ADFF2F,#00CCFF,false,true,4
348735,#CC0033,#00CCFF,false,true,5
348736,#edebeb,#FF0066,false,true,6
348737,#555555,#FF0066,false,true,6
348738,#555555,#00CCFF,false,true,4
348739,#9370DB,#FF0066,false,true,5
348740,#00FFFF,#00CCFF,false,true,4
348741,#FFA500,#FF0066,false,true,6
348742,#008080,#FF0066,false,true,6
348743,#008080,#FF0066,false,true,5
348744,#ADFF2F,#FF0066,false,true,6
348745,#008080,#FF0066,false,true,6
348746,#ADFF2F,#00CCFF,false,true,4
348747,#FFA500,#00CCFF,false,true,4
348748,#edebeb,#FF0066,false,true,6
348749,#CC0033,#FF0066,false,true,6
348750,#008080,#FF0066,false,true,4
348751,#9370DB,#FF0066,false,true,5
348752,#008080,#00CCFF,false,true,5
348753,#edebeb,#FF0066,false,true,5
348754,#ADFF2F,#FF0066,false,true,6
348755,#00FFFF,#00CCFF,false,true,4
348756,#008080,#FF0066,true,true,6
348757,#00FFFF,#FF0066,false,true,6
348758,#00FFFF,#00CCFF,false,true,4
348759,#ADFF2F,#00CCFF,false,true,3
348760,#edebeb,#FF0066,false,true,4
348761,#edebeb,#FF0066,false,true,5
348762,#9370DB,#00CCFF,false,true,4
348763,#FFA500,#FF0066,false,true,6
348764,#9370DB,#FF0066,false,true,5
348765,#9370DB,#FF0066,false,true,6
348766,#ADFF2F,#FF0066,false,true,5
348767,#FFA500,#00CCFF,false,true,4
